fimion,GROW
andy3455,GROW
deowai,NOVOTE
xcomv01,NOVOTE
leroeq,GROW
lightstridr,GROW
Muchashca,GROW
az4521,STAY
gentaruman,STAY
wtmh,GROW
1_10_100_1000_10000,GROW
zeeba_neighba,GROW
sandlehat,NOVOTE
ilre1484,GROW
IguanaBite,GROW
Shaggy158,GROW
Jivvi,NOVOTE
pheexx,GROW
tehrage,GROW
murkymouse,GROW
lifesbetterbackwards,GROW
hotokokotoh,GROW
KillaClipz,GROW
ts52,NOVOTE
GordonCopestake,NOVOTE
Urano_Metria,GROW
pndaa_,GROW
ThatWelshman,GROW
mattreyu,GROW
Barrykinz,NOVOTE
piekka,GROW
kyoflow16,GROW
SageOnTheMountain,NOVOTE
smbkr,GROW
hum4n4,NOVOTE
berniebullies,NOVOTE
Jjjsixsix,GROW
Crosssmurf,GROW
triad203,GROW
unlucky__,NOVOTE
Lake_YS,GROW
Moonpenny,GROW
ForgetfulDoryFish,GROW
Pokez,STAY
DiscardedRobin,NOVOTE
jenochi,NOVOTE
lil_hot_girl,GROW
wafedo,GROW
mattrox217,GROW
HankBas,NOVOTE
nondescript1,NOVOTE
MammothCheese,GROW
TetrisSmalls,NOVOTE
AgentRipley,GROW
powerofthepickle,STAY
SomeMultiwagon,GROW
EmceeChicken,NOVOTE
FatherStorm12,NOVOTE
Otaku23,GROW
HeroesGrave,GROW
Gomit1,NOVOTE
RedRobin-3,GROW
radialtactivated,GROW
madmax_410,NOVOTE
drwicked,NOVOTE
IAmZelph,STAY
obviousthrowaway173,NOVOTE
Sandcrabsailor,NOVOTE
Lindsch,NOVOTE
EMoneyX,NOVOTE
T17_OR_RIOT,NOVOTE
makeroomforlisa,NOVOTE
mmartinutk,NOVOTE
prankblack,GROW
WillYall,GROW
CadillacOn22s,GROW
ZackAttack14,NOVOTE
CourtneyBourtney,NOVOTE
Geekboner,GROW
malebound,GROW
xen6,GROW
No30286,NOVOTE
thisisforyousoKuku,GROW
Cybernatty,GROW
NotOnTheMountain,NOVOTE
SleepyPrat,GROW
Buck50taco,GROW
dabills22,GROW
PederG,GROW
voidFunction,GROW
RdRunner,NOVOTE
mandalore_69,NOVOTE
highlander24,GROW
govindg,GROW
ydnar,GROW
SUPERARG,NOVOTE
Wulfsta,GROW
espanolprofesional,NOVOTE
Liambased,NOVOTE
No_Gods_No_Kings,GROW
greenearrow,STAY
fizzypickles,GROW
LunaSerenity,GROW
AEBayE,NOVOTE
sonthanhtran,GROW
xBigChillinx,NOVOTE
If_You_Only_Knew,GROW
kattykatastrophe,NOVOTE
dipotassium,GROW
bubbity1990,GROW
CSixHSix,GROW
Hockeygirl1974,NOVOTE
Fissie,NOVOTE
buddy_levi,GROW
STLCajun,GROW
Gumland44,NOVOTE
l104693,GROW
AMultiwagon,NOVOTE
mayflower26,GROW
GeneralMayhemWY,GROW
itriedsorry,GROW
Magbaad,NOVOTE
logic718,NOVOTE
ThisGirlJ,GROW
kingkuya777,GROW
california_cop,GROW
JackedUpJonesy,NOVOTE
novelty_nsfw_account,GROW
nooneinhere,GROW
tossawaykkk,GROW
tallbeardedkid,GROW
Captskepy,GROW
wargg,NOVOTE
Phrea,GROW
LulzATron-5000,NOVOTE
GinNJews,NOVOTE
taalmahret,GROW
ThreeMagi,GROW
highenergycompound,GROW
odyss3y,GROW
charsur,NOVOTE
zbignew,GROW
jamm0,NOVOTE
kinsanpyopyo,NOVOTE
gene_wood,GROW
Jimga150,NOVOTE
sevaric,NOVOTE
longbrass9lbd,GROW
ParagonalDuck,GROW
itstwoam,NOVOTE
dafez7,NOVOTE
allthealtoids,GROW
fzh,GROW
Nowinaminute,NOVOTE
Ghalist,GROW
A_Monolith,NOVOTE
Cruxius,NOVOTE
PeregrineBase,GROW
redskub,NOVOTE
Marcador,GROW
ByzantineStarfish,NOVOTE
TRUMP_YOU_UP,NOVOTE
UrbanMuskrat,NOVOTE
mrkronus,GROW
ochenk,GROW
Killaman76,NOVOTE
Realityle,GROW
Liferuler,GROW
BeDepressive,GROW
Marrtii,GROW
liltrixxy,NOVOTE
EpicHarrison,NOVOTE
Dorotheos,GROW
Kujio,GROW
nongmoglutenfree,NOVOTE
mycotox1n,NOVOTE
Morivi,NOVOTE
zg44,GROW
bromar14,NOVOTE
buckX,GROW
Soggy_Stargazer,GROW
YoungBrand,GROW
Lurcrobin1,NOVOTE
GreyHatBrat,NOVOTE
pcdoyle,NOVOTE
starfall-invoker,NOVOTE
myotherbotisdeepmi,GROW
SonOfDenny,NOVOTE
dalkor,GROW
PuppyKevin,NOVOTE
mminsky,NOVOTE
Papa-Walrus,NOVOTE
ButtCommander69,NOVOTE
tempest918,NOVOTE
thousandfaced4,GROW
icanseeu,NOVOTE
I_Suck_,GROW
nchlswu,NOVOTE
Aellus,GROW
MightyBobBarker,NOVOTE
TetrisJenga,GROW
praxxin_erryday,NOVOTE
wheelietime,GROW
jellybellylint,GROW
schoeggu,GROW
iBeDrummin,NOVOTE
KarmanHardon,NOVOTE
oo0Hijikata0oo,GROW
nautzz,NOVOTE
MrBob1999,GROW
Liars_Club_Founder,NOVOTE
ThatMultiwagon,NOVOTE
Robiner1,NOVOTE
dragonrancher,NOVOTE
pancake-breakfast,GROW
Adverted,GROW
RenownedShark,GROW
PrettyNeatPerson,GROW
RollOneD20,GROW
Discipulum,GROW
Im_Bobby_Bitch,GROW
5erade,GROW
econhistoryrules,NOVOTE
silviot,STAY
galinmd,GROW
thurstfregnojiji,GROW
magiconner,GROW
tjader,NOVOTE
ZCham,GROW
lonesome_polecat,NOVOTE
creepingbentgrass,NOVOTE
a5yrold,GROW
PM_ME_YOUR_ROOSTER,NOVOTE
fawkesmulder,GROW
jeffsih,GROW
turtlesinabucket,NOVOTE
lackofabettername,GROW
Fuck_it_go_for_T17,GROW
jonnieve,GROW
RobinPackey,NOVOTE
roscoecello,NOVOTE
ricree,GROW
the_pass_is_password,GROW
dillpicklejar,GROW
menticide_,NOVOTE
PierceStJohn,GROW
Emerica6708,GROW
Derpachus,GROW
PM_ME_ONLY_1_BOOB,GROW
gorkish,GROW
bezaorj,NOVOTE
cbarn360,GROW
rushingkar,GROW
7xOr6,NOVOTE
Eric-TD,GROW
JoacoIB,GROW
Mnemoreri,NOVOTE
RobinsAreTasty,NOVOTE
fromITroom,NOVOTE
Decmelom,NOVOTE
lopsoffear,NOVOTE
AnnoyingStaple,NOVOTE
Zileto,GROW
enricobacis,GROW
Andrew813,GROW
DO_IT_FOR_THE_ROBIN,NOVOTE
robinparrot,GROW
jacobdwoolf,GROW
rappo,NOVOTE
nitro329,NOVOTE
robinwatcher,NOVOTE
jaarons,GROW
worryunfolded,GROW
patoente,GROW
isee_scott,GROW
that1guyDrew,GROW
thrush77,NOVOTE
bdjohn06,GROW
th4t_0n3_dud3,GROW
Lick_A_Brick,NOVOTE
smarmyrabbit,GROW
w4lt3r,NOVOTE
Japo-Scandinavian,NOVOTE
schoeggu2,GROW
GrowthForLife,GROW
hush-__-puppy,GROW
Clubbyth,GROW
t17RobinGoGoGo,NOVOTE
Puzzel,NOVOTE
the_idea_of,GROW
Bluid,NOVOTE
-kljasd-,GROW
Velimas,NOVOTE
fallingsquirrel,GROW
The_Whiz206,GROW
RhodoMod,NOVOTE
plantfacts,NOVOTE
amkval,GROW
VoltNine,NOVOTE
javVeugsyagfacs,NOVOTE
Lolsmileyface13,GROW
Jeff3210,GROW
feb23,GROW
quixotiko,GROW
Anjz,NOVOTE
Devar0,NOVOTE
Mathmagician,NOVOTE
IComeBaringGifs,GROW
Left_Middle_Right,GROW
Unbelievr,GROW
Awhtreprenoober,GROW
marrella,NOVOTE
SirNoms,GROW
linlicker,NOVOTE
MightyPrincessCarl,STAY
theissuescat,NOVOTE
Apr1st2016,NOVOTE
ubiquitous_g,NOVOTE
NameIsNotDavid,NOVOTE
NobbyNobbs,GROW
Alphonse121296,NOVOTE
TheSnacky,NOVOTE
softwareAccount,GROW
that_lil_girl,NOVOTE
Water_Bottled,NOVOTE
ItBeCaleb,NOVOTE
Naphial,GROW
lindiecakes,NOVOTE
DrZeroMD,NOVOTE
Chuwero,STAY
geekykinkster,GROW
ijohno,GROW
rowrowyourboat,GROW
TheHighlandCow,NOVOTE
PATXS,NOVOTE
cujo26,GROW
Enter_Revolution,GROW
PenisGiant,GROW
stitoss,NOVOTE
geddy2112,GROW
stormboat,GROW
Draconius42,GROW
Cabooseman,GROW
Coincidensil,GROW
ultralight__meme,GROW
hostcontroller,NOVOTE
SomeCollegeBro,GROW
Little_Hurricane,GROW
dogfeel,GROW
mocha13,GROW
Syde80,GROW
MrThoughtPolice,GROW
_86_,GROW
mong_gei_ta,GROW
lloydlucas,GROW
amicitas,NOVOTE
ookamiash,GROW
TheOddScreen,GROW
CX3,NOVOTE
thesbros,GROW
toering,GROW
norway-pine,GROW
made-u-look,NOVOTE
fiftypoints,GROW
Jukuso,NOVOTE
dimsumx,NOVOTE
8ee60a,STAY
srigsby,NOVOTE
Honest_To_God,GROW
bryan_young,GROW
Baron_Von_D,GROW
FallingApple,NOVOTE
Ravenchant,GROW
NotALockNessMonster,NOVOTE
Traulinger,GROW
DoctorZMC,GROW
billbuckner07,NOVOTE
_Aurora_,GROW
FatherStorm,GROW
Snookerman,GROW
nuimancel,GROW
PsykoDemun,GROW
Wijunkee,NOVOTE
kuroji,NOVOTE
spoopidoods,GROW
TwatsThat,GROW
Vibrandt,GROW
king0fhearts14,GROW
cassant,GROW
Hat_lol,NOVOTE
Jaylez,GROW
take_a__CHANCE,STAY
pi-rat,GROW
imgoodish,NOVOTE
Kelevra42,NOVOTE
Voyager316,GROW
lowmagnitude,GROW
T0mmyZZ,NOVOTE
FetusPuncher33,GROW
EllisDee_4Doyin,NOVOTE
AWildAdultAppears,GROW
FreeDudeFreeFood,GROW
JRule4,NOVOTE
outontheborder,NOVOTE
rootmean,GROW
Awesomeali1,NOVOTE
SnowLocke,GROW
PhysicsHelp,GROW
Happy_Neko_Meow,NOVOTE
racefreak265,NOVOTE
PsASux,GROW
TheFlyingGoom,NOVOTE
Dangerously_Slavic,NOVOTE
LurkerHN,NOVOTE
ntoc,GROW
HandsOfNod,GROW
beastglatisant,GROW
Loser_Like_Me,GROW
Gummyish,NOVOTE
lexicaleigh,GROW
Calsas,GROW
Ender_Fedaykin,NOVOTE
kawiracer14,GROW
NniftheHuman,GROW
TexWonderwood,NOVOTE
hownowbrowncow6996,GROW
onmyouza,GROW
lift_0ff,NOVOTE
makswell,NOVOTE
_Ken-M_,GROW
Vilhaven,GROW
Jetmaster,NOVOTE
Mr_Mistyeye,STAY
gambisk,NOVOTE
guajojo,NOVOTE
neko,GROW
TJAVJ_OJAVNA,NOVOTE
fts,NOVOTE
KnockMellyKnock,GROW
__Dionysus,GROW
TeamRobin,NOVOTE
lesbiancarwash,GROW
KagaWan_Kenobi,NOVOTE
VRcraze,STAY
ASCIO,GROW
chrisd93,NOVOTE
kyofu,NOVOTE
xcemma,GROW
jwmann,NOVOTE
NHLBUMOSQA,GROW
ccande_growth,GROW
ctare,GROW
Th3_Mr_Quagmir3,GROW
octopuskate,GROW
systemghost,GROW
AbbyCadabara,GROW
WTFBddy,NOVOTE
Bigboparino,GROW
peterhoxton,NOVOTE
Sheemap,NOVOTE
GliderofDaggers,GROW
SLOPPYMYSECONDS,NOVOTE
08hotline,NOVOTE
indicasloth,GROW
HippieHanson,NOVOTE
the_tycoon,GROW
JoXand,GROW
snotsnit,NOVOTE
SomeOfTheTimes,GROW
glamdr1ng,NOVOTE
Call_Me_Joris,STAY
Boogietron9000,NOVOTE
pironic,GROW
rehael,GROW
JerkyChew,GROW
Etherg8,GROW
Cpt_Butter,NOVOTE
DavidLovato,NOVOTE
Zippyduda,GROW
tier17robin,GROW
USSRUnicorn,STAY
mcl768,STAY
yeep9,STAY
SorryIfIDissedYou,NOVOTE
Bo98,GROW
shl00,NOVOTE
Wryjoy,GROW
dcx,NOVOTE
flower_of_jade,GROW
czerwona_latarnia,GROW
NeedSamoa,GROW
nagelxz,GROW
Dharmist,GROW
Jak1fan5640,GROW
bulari,NOVOTE
KarmaForCats,NOVOTE
yetius,NOVOTE
King__Banana,NOVOTE
EcahUruecah,GROW
Mispelling,GROW
ReyxDD,NOVOTE
tintinshairybutthole,NOVOTE
ccsmd73,GROW
Obidicut,NOVOTE
scottcmiller,GROW
Aggrocragg,GROW
n0x_hav0c,GROW
pexafo,GROW
Dusk_Titan,NOVOTE
RaiseTheGates,GROW
tylerbgood,GROW
l_Pro_Assassin,NOVOTE
IranianImbecile,NOVOTE
SpaceAvenger,GROW
badjense,NOVOTE
BananaToy,GROW
Aegidrom,STAY
destiny235,NOVOTE
bobbybac,GROW
Licensed3Chill,NOVOTE
lesserknownslimshady,GROW
ReverendDexter,GROW
VeriFunni,GROW
ErrorX,GROW
tehmuck,NOVOTE
gypsyhymn,GROW
tufnut2crack,GROW
TuxedoFlask,GROW
church_of_robot,GROW
dado3212,NOVOTE
wardrich,GROW
kelsimc,GROW
Raynima,GROW
btreecat,NOVOTE
Sushi-flakes,NOVOTE
John_Madden_Facts,GROW
My_Fox_Hat,NOVOTE
VVinniVV,NOVOTE
jolisabecky,NOVOTE
jovianjake,GROW
Leaxe,GROW
Red_Trainer,GROW
Pahanda,NOVOTE
IceNein,NOVOTE
kelev,NOVOTE
93a726d,GROW
ICouldBeYourNemesis,GROW
Idlesoul,GROW
tacs96,GROW
jonsparks,NOVOTE
sheab2000,GROW
CaptainAnywho,NOVOTE
NanoSwarmBotAI,STAY
JaguarE-Type,GROW
matrixbear,NOVOTE
Matoot,GROW
Thedaveabides98,STAY
Jaythomaspsych,NOVOTE
viknas,GROW
Gimlz,NOVOTE
TullyCicero,GROW
_ThereIsNoSpoon_,GROW
workinggirl28,GROW
goodpricefriedrice,NOVOTE
Clowesrus,NOVOTE
disignore,GROW
BubbaGibson,NOVOTE
TheBlueberryPirate,GROW
fosterlywill,NOVOTE
robinwave,GROW
Quinnteresting,STAY
InfinityEnderman,GROW
ImperfectSunder,STAY
robin-rpgbot,GROW
1340WCA,GROW
Trinitek,GROW
foreverholdourpeace,NOVOTE
BobPatDan,NOVOTE
xyyxrs,GROW
dfpw,NOVOTE
MrApox,NOVOTE
eisbaerBorealis,STAY
MissLauralot,GROW
keupo,GROW
CaptainDDL,NOVOTE
SeriousJack,GROW
unnecessarygif,GROW
sexytimegiggles,GROW
NotConfirmed,GROW
IAmNotJoshua,GROW
meandmybuddy,NOVOTE
kilofox5,GROW
lightree,NOVOTE
_BindersFullOfWomen_,GROW
theHAtEDone,GROW
JimyLamisters,NOVOTE
NotYourCuntMate,GROW
B1GK4HUN4,NOVOTE
spyhermitwork,GROW
angeloftheafterlife,GROW
r4wd09,NOVOTE
Cpottzy,GROW
Dayforger7,GROW
Scheura,GROW
FrozenEagles,GROW
KrazyA1pha,GROW
Riizzle,NOVOTE
Barbarossa_5,NOVOTE
pizzaoverload,GROW
juliett-alfa-sierra,NOVOTE
gerwen,GROW
coolbrys,GROW
pandafoxshark,NOVOTE
trigonomitron,GROW
30kts,GROW
altlyboy3,GROW
BlurredBird,GROW
dr-quack,GROW
waldoRDRS,NOVOTE
GOOK_LUCK,GROW
MyrddinEmrys,NOVOTE
latenightterror,GROW
The_Mighty_Bear,NOVOTE
waldron76,GROW
voicelessw,GROW
tauchw,GROW
PM_ME_UR_RARE_PEPE,NOVOTE
daniel_42,NOVOTE
skeeliosis,NOVOTE
buffalolsx,GROW
friedbaconandeggs42,GROW
xdavidtchang,GROW
m4dok,NOVOTE
Kennatt,GROW
swinginfriar,GROW
echosia,NOVOTE
robinAlt3,GROW
MajesticPANGOLIN,GROW
Mega-charizard,GROW
soo_underground,GROW
gordon_ramasamy,GROW
Halleys-Comet,GROW
INFP,NOVOTE
luckyrome,GROW
UpfrontFinn,GROW
thousandfaced2,GROW
JL421,GROW
BlueZorua,GROW
ToWhenTFor,NOVOTE
dispelled_fiction,NOVOTE
P1eandrice,NOVOTE
whicketywack,GROW
DUNGEON_DRAGON,NOVOTE
Evenedout,GROW
BaldLife,NOVOTE
BreadBags,GROW
smuggleButt,GROW
brosum,NOVOTE
TheMultiwagon,GROW
Catsor3,GROW
Castriff,GROW
m4r1n4,GROW
42Sec,STAY
GodRaine,GROW
RobinThrowaway8,GROW
LeeAlamein,GROW
Kitskuko,GROW
m00x,NOVOTE
John_Maddens,GROW
h3ph43s7u5,GROW
Mattchew_X,NOVOTE
STRENGTHoftheBEAR,STAY
wrongggg,GROW
SEA_B,NOVOTE
Karnman,STAY
Kanadka,GROW
Kogarne,NOVOTE
NEHOG,GROW
Gregoryberrycone,NOVOTE
owleagle,GROW
Aoeui344,GROW
KeinFlausAus2,NOVOTE
rustyfries,GROW
Hitlers_Third_Nipple,GROW
aguer0,GROW
nitegod,NOVOTE
Offspring27,GROW
chairitable,NOVOTE
rhotoscopic,GROW
marsman,GROW
Wesmman1,NOVOTE
Chicken12341,NOVOTE
ambyrjayde,GROW
Kev-bot,NOVOTE
broken42,GROW
RobinnotBatman,GROW
grow-not-stay,GROW
sans1kal,STAY
couchassassin,GROW
_vektor_,NOVOTE
freundTech,NOVOTE
flubbernuggets101,GROW
myclockworkuniverse,GROW
Xenogearcap,GROW
i_code_starbucks,GROW
xereeto,GROW
hhustlin,NOVOTE
RenobMan,STAY
MrKyurem,STAY
darquis,GROW
FlickTheGestapo,GROW
kaotisch,NOVOTE
theMockingNoob,STAY
LegendaryInsomniac,NOVOTE
juicyfizz,NOVOTE
Vaestis,NOVOTE
HordeOfDoom,GROW
trevs231,NOVOTE
Patuney,STAY
killredditwithfire,GROW
MissGif,NOVOTE
JimmyAxel,NOVOTE
AdmiralUrf,NOVOTE
Londoniana,GROW
TheMightyUncleBob,NOVOTE
Blue_Basilisk,NOVOTE
miss_reddit,GROW
verris,GROW
AnotherMultiwagon,GROW
pandaweb,GROW
nucco,NOVOTE
Chrailzen,NOVOTE
Rushkovski,NOVOTE
SaveVMK,GROW
sammygame008008,GROW
usvtheman,GROW
pope7,NOVOTE
Larklen,GROW
FlutteryChicken,NOVOTE
jonkenator,GROW
KingOfD3rp,GROW
Spielkus,NOVOTE
bal_,NOVOTE
Andre_Young_MD,GROW
BladeAP,GROW
qwerx3,NOVOTE
Arrowhead119,GROW
PM_Me_Your_Honey-Pot,GROW
Forrest_Garret,GROW
zzzaacckk,NOVOTE
The_Last_Y,STAY
tony_raviolli,GROW
banjoismydog,GROW
unidentifiedperson,NOVOTE
Spenny93,NOVOTE
CombustibLemons,GROW
thijsveebee,GROW
IamanIT,NOVOTE
Roitchie,GROW
T_17,GROW
zants,NOVOTE
Jaysonium,GROW
DNAsed,GROW
NoFuturist,GROW
KevinBogle,GROW
RedditIsAwesome888,STAY
blackjackel,STAY
teabrains,GROW
sheepdogue,NOVOTE
tjdillasnake,GROW
I_Suck_For_Jesus,NOVOTE
osbf96,GROW
Kano555,NOVOTE
Lucian41,STAY
TheAwesomeUncleBob,NOVOTE
Adramalech1,NOVOTE
moist_shorts,GROW
MistaFotso,NOVOTE
apmechev,GROW
Biohazard2016,GROW
FearrMe,NOVOTE
Mohk72k,NOVOTE
randomusername123458,NOVOTE
P4INKill,GROW
rtirado,GROW
marktevans,GROW
pihwlook,NOVOTE
soccermitchy,NOVOTE
-MojoJojo-,NOVOTE
herbalty,NOVOTE
niandra3,GROW
gummybearsyumyum,GROW
Gocountgrainsofsand,GROW
Jihou,GROW
occupiedusername,NOVOTE
thousandfaced,GROW
Squippit,NOVOTE
iouea,STAY
Auronon,GROW
Sybles,GROW
richard-robin,GROW
pirotor,STAY
Mippohippo,GROW
MeovvCAT,GROW
hugemuffin,GROW
RedWarrior0,NOVOTE
tompivo,NOVOTE
dankwritingprompts,GROW
HaeryHobknocker,STAY
EMC2_trooper,GROW
GLeD,GROW
jsmoothz,GROW
ytsejam42,NOVOTE
BlazePaw,NOVOTE
aerir25,NOVOTE
Edores,NOVOTE
baty0man_,GROW
homerunbautista,GROW
StillWeird,NOVOTE
brak_obama,GROW
kkkantpressthebutton,NOVOTE
JohnJimJoeBob,GROW
BoavaNet,NOVOTE
heiferly,GROW
drakenkorin13,GROW
FlatLineD,NOVOTE
BlueRobin778,STAY
Takfu,GROW
Wikkiwikki420,GROW
asleep_zzz,GROW
ashdog137,NOVOTE
SFEagle44,NOVOTE
Morjee,GROW
jlink7,NOVOTE
TehGoogler,GROW
Nogoodsense,NOVOTE
matcheung,NOVOTE
3SK31V1,GROW
snuf09,GROW
trust_me_i_know_,NOVOTE
NotARobinBot,GROW
faet,NOVOTE
imnotthesame,GROW
fsckin,GROW
iccz,NOVOTE
DustyBigGun,GROW
sPo0okay,NOVOTE
RedSomeBooks,GROW
Fuel13,GROW
KittyMagic,NOVOTE
illtragic,NOVOTE
maththis,GROW
lurcrobin2,GROW
manamal,NOVOTE
grumblichu,GROW
soKuku,GROW
proofme,GROW
Luteraar,NOVOTE
Lain-InTheMultiverse,GROW
31415926535897932300,GROW
shoopdawoop9001alt,GROW
cturco,GROW
savage_deshawn,NOVOTE
dotar,GROW
Sabin2k,NOVOTE
tferoli,STAY
mjmfighter,NOVOTE
drawmesunshine,GROW
kernelhunter92,GROW
Agrold,NOVOTE
droppin_NBOMEs,GROW
robinAlt4,GROW
GPDCWCORMU,GROW
Slyninja215,NOVOTE
epilith,GROW
drifting_null,NOVOTE
hackerflu,GROW
concussion962,GROW
MossPigleTT,NOVOTE
ThisIsNuggets,GROW
yalethrowaway1234,GROW
RoboBob3000,GROW
theroundcube,NOVOTE
Panic-Attack,GROW
chumshot,NOVOTE
ugly_jar,GROW
slacksushi,GROW
Rainbow_Cancer,NOVOTE
pornqueen420,GROW
Eoje,GROW
skeksi,STAY
SpyderZT,NOVOTE
meIsBestGod,GROW
PokenoobDude,NOVOTE
n4pstr,GROW
everclaire13,NOVOTE
motorcitymagic,GROW
mustmergemustmerge,GROW
mozrila,NOVOTE
PretentiousToaster,GROW
ByteWolf,NOVOTE
C0mpass,NOVOTE
nickledime,GROW
CameronCrazy01,GROW
driftingdown,GROW
RiseToSokuku,GROW
idleman1,GROW
TheMentalist11,GROW
Shadowfied,NOVOTE
WeWalkAmongYou,NOVOTE
SanDiegoBananas,NOVOTE
Wood5MasterRace,NOVOTE
darclo,NOVOTE
superbored2341,GROW
funkyenzymes,GROW
Yahmose,NOVOTE
sudoscientistagain,GROW
GuitarShirt,GROW
cgimusic,NOVOTE
YouAreInAComaWakeUp,GROW
mat_storm1,GROW
altboner,GROW
kariragnor,NOVOTE
mobpoison660,NOVOTE
argusdusty,GROW
CAkEBall,NOVOTE
Tonexus,NOVOTE
BeeLevi,NOVOTE
Dildo_Slaggins,GROW
Virginonimpossible,GROW
RynoRocks,GROW
Racer51296,STAY
lixtro,NOVOTE
Nameless_guhol,GROW
KevinPew,STAY
a_asteroid,ABANDON
jacobguo95,GROW
KopiJahe,GROW
heyohwife,GROW
T17orBust,NOVOTE
Tupax,NOVOTE
Bubbah94,NOVOTE
NotABadassOverHere,GROW
superpayday2fanomega,GROW
tedlasman,NOVOTE
ras344,NOVOTE
scrambler7,STAY
TI_Pirate,GROW
Wedgeface,NOVOTE
ADrunkChef,NOVOTE
VonCornhole,NOVOTE
nott_terrible,NOVOTE
Letssoar,GROW
JoeyCalvert,NOVOTE
chfoo,GROW
techguy19,NOVOTE
dueling_eulogies,NOVOTE
argener,NOVOTE
aranslee,NOVOTE
bigboyhardman,GROW
AmazingOrange,GROW
BernieDrumpf,GROW
moist_undergarments,GROW
halfshellheroes,NOVOTE
TheDarth45,NOVOTE
LoudKestrel,GROW
RobinLafite1827,GROW
zedisfied_,NOVOTE
iRemuz,GROW
kae1712,NOVOTE
colonelcapitalism,GROW
Rewti,GROW
Tuft64,NOVOTE
Percophile,GROW
Camonod,NOVOTE
aldileon,GROW
ElsaPratt,NOVOTE
mealbudget,NOVOTE
mtthwksnr,GROW
waylongusername,NOVOTE
Zapk,NOVOTE
angriest_ape,GROW
runeneo,NOVOTE
tama_official,GROW
autummmn,NOVOTE
AcceleratedGlass,GROW
flAked,NOVOTE
Flymypretties,NOVOTE
dandadominator,NOVOTE
mcur,GROW
DoILookLikeSoy,GROW
cougarten,GROW
Nobilitie,GROW
ThePrimeCo,NOVOTE
Sixsome,GROW
Soupismoney,NOVOTE
jaguarsharks,NOVOTE
rafiss,GROW
djdanlib,GROW
careyjmac,GROW
MasterRedditSurgeon,GROW
w5gmo,GROW
lansellot,NOVOTE
RobinAlt789,GROW
TigerVert,GROW
unreconstructedM,GROW
Pizza007,GROW
Puffymuffin9,NOVOTE
mediumhydroncollider,NOVOTE
Malfuncti0n,NOVOTE
_nea102_,GROW
Catsor,NOVOTE
Raymosrunerx,STAY
meepsicle,GROW
Reycob,NOVOTE
InfidelInside,NOVOTE
grammaticalhypocrite,GROW
Azarlak,STAY
Toohhnnee,GROW
Zubidiah5861,GROW
hersheykissespoops,GROW
Zyxfin,NOVOTE
ArritzJPC96,GROW
SevenSidedSquare,NOVOTE
Hazasoul,GROW
m37,GROW
nannal,GROW
Gobble_Gobble,NOVOTE
41k,GROW
mostly_helpful,NOVOTE
kendfrey,NOVOTE
JawnZ,GROW
vaquit0,GROW
NoWNoL,NOVOTE
TheWaterGod,GROW
nbx909,GROW
pleadub,GROW
69eruri,GROW
robinaltconk,GROW
Mutasyn,NOVOTE
KeinFlausAus,NOVOTE
45b16,NOVOTE
larperdoodle,GROW
adbburn,NOVOTE
4138,GROW
ha5hmil,GROW
Lord_Saren,GROW
idleman2,GROW
TonyStarkVHouseStark,GROW
OhHellNah,STAY
jekblub,NOVOTE
Tsubasa_sama,GROW
Aliveon,GROW
Belsneaker,GROW
RWYAEV,NOVOTE
Sash321,GROW
TheRealLemon,GROW
protensity,GROW
NastyJoke,NOVOTE
Ruin332,GROW
LoLNewMapIdea,GROW
RobinAlt456,GROW
Treefrog935,NOVOTE
HereForTheChat,NOVOTE
FusedRage,NOVOTE
throwaway425646,GROW
AirFarce,GROW
CoReRacer,NOVOTE
namekall,GROW
atlphenom,NOVOTE
fuck_another_account,GROW
iwfpizza,GROW
NotOffTheMountain,NOVOTE
uncwil,GROW
Boomz1lla,GROW
pierricbross,NOVOTE
lasarq,GROW
TehWildMan_,NOVOTE
-Dark-Phantom-,GROW
AscendtoSokuku,NOVOTE
MissyMissay,NOVOTE
mellow_gecko,NOVOTE
POOPY__PANTS,NOVOTE
Shizzin,NOVOTE
KristofferAG,GROW
Flunky-The-Grow-Bot,GROW
aceroni,GROW
coolanybody,GROW
ezequiel_nob,GROW
convenient_excuses,NOVOTE
jsphenom08,GROW
HowManyLetters,GROW
DeadJak,NOVOTE
SkaKri,GROW
diddletapflamdiddle,NOVOTE
Vode_,NOVOTE
hitmandude,NOVOTE
noahssarcastic,NOVOTE
goldfish270,NOVOTE
bunlolo,GROW
leemanade,NOVOTE
Gunfiend,NOVOTE
NoteInABottle168,GROW
Mompy,GROW
PM_ME_YOUR_FELICITY,GROW
ethan240,NOVOTE
ih8AlbanianSasquatch,STAY
qalteqar2,GROW
supernovaqq,NOVOTE
omnidingus,GROW
popcorny27,GROW
sunr0ck,GROW
aldonius,NOVOTE
Heaiser,NOVOTE
SparkPlug3,GROW
givemehellll,NOVOTE
jimr1603,NOVOTE
Uber_Luber,NOVOTE
Ry0guy,GROW
PrisonerOne,NOVOTE
ShortBusBully,GROW
Gunuku,GROW
welcome2ccandeshop,STAY
Zerowind88,NOVOTE
biker4487,STAY
Spatula26,NOVOTE
ibanez_official,GROW
Mergoch,GROW
BananaAuxiliary,NOVOTE
I_make_milk,GROW
johnknag,GROW
Unbelievablez,GROW
zeptimius,GROW
WinterCherryPie,NOVOTE
KingOfTheNorthPole,GROW
Brinana73,GROW
xByron,GROW
DivideByNothing,GROW
UdanChhoo,STAY
SAUCY_DUCK,GROW
IJustWannaGrow,GROW
hayfnsfw,GROW
tierrabound,GROW
Fiery1Phoenix,GROW
HuntStuffs,GROW
gkd50749,GROW
not_my_work_account,GROW
Woceas,GROW
npst0r,GROW
agujerodemaiz,NOVOTE
SalmonBaconator,NOVOTE
thriskeri,NOVOTE
ThePirateBee,NOVOTE
xosellc,NOVOTE
layzzzee8,GROW
doubleflat,GROW
astrakhan2,GROW
Alphroman,GROW
robin_alex_trebek,NOVOTE
LockOpeners,GROW
Farmfarms,NOVOTE
Teloria,GROW
laughlinm,NOVOTE
Blainezab,GROW
TheDangiestSlad,GROW
Matth01,GROW
ravelCet,GROW
porella,NOVOTE
noscythes,NOVOTE
allmightygriff,NOVOTE
speyes,GROW
Whassat,NOVOTE
Karbine,NOVOTE
prettiestwhistle,NOVOTE
RobinNu,NOVOTE
wiresnake,GROW
TopNot,GROW
Attack-Helicopter,GROW
oppaii,GROW
_smi,GROW
Just00in,GROW
BadSjebediah,NOVOTE
vashtiii,GROW
Orasund,GROW
fiberpunk,NOVOTE
ieoau,STAY
elfin8er,NOVOTE
JoinRobin,GROW
MisterJose,NOVOTE
cam2534,NOVOTE
edlll91,GROW
nastyn8,NOVOTE
Suprem,GROW
BroboxylicAcid,NOVOTE
SkinBintin,GROW
BernieZanderz,ABANDON
_ff,NOVOTE
alleybetwixt,GROW
KeyserSOhItsTaken,GROW
tcarrw,NOVOTE
kdalips,GROW
pHorniCaiTe,GROW
Kevtron,NOVOTE
fullcircle_bflo,NOVOTE
Dongsquad420BlazeIt,GROW
radiofreak,GROW
whateva0x29a,NOVOTE
EdHochuli,GROW
derpy-is-best-pony,GROW
reallynormal_,GROW
explainsjokesforall,GROW
Caenox,GROW
Voltasalt,GROW
kre3d,GROW
Brodito,NOVOTE
kickmark,NOVOTE
new_usernaem,NOVOTE
Jackson2834,GROW
xxoyez,GROW
Gutterflame,GROW
Raykahn,NOVOTE
deezy105,STAY
blackleaf31,GROW
robin_1234,NOVOTE
ch3rryiie,NOVOTE
ramenbreak,GROW
jimmythebass,NOVOTE
eudaemonatrix,GROW
Nerdz2300,GROW
assuredswivet,NOVOTE
varlogkern,GROW
what_is_your_color,STAY
nimiety,GROW
Kimmie-chan,GROW
SurfingNinjas,NOVOTE
RoboticEarthling,GROW
RobinBastards,GROW
Pirate740,GROW
Durshka,GROW
droans,NOVOTE
Love_me_some_Brie,NOVOTE
hef,NOVOTE
nmsmoke,GROW
son_soKukune,STAY
Hwindeth,NOVOTE
BrightTomorrow,GROW
komichi1168,GROW
byteofhash,NOVOTE
HelpIThinkImASoup,NOVOTE
ZenZenoah,NOVOTE
MissPantalon,GROW
ludocode,GROW
Aletheies,NOVOTE
GayTurtleDog,GROW
adtr223,GROW
IAmNeganMeetMyBat,NOVOTE
TheyAreTheD,NOVOTE
Rinoreum,NOVOTE
hiimchels,NOVOTE
lalaalennon,NOVOTE
FunnyHunnyBunny,GROW
AtmaJnana,NOVOTE
BlessYourFaces,GROW
GarageguyEve,NOVOTE
TheConfuZzledDude,NOVOTE
CommisTwo,GROW
morehpperliter,NOVOTE
Oreoshake,STAY
PresidentRobin,NOVOTE
G0ld3nG0d,GROW
samlogan6,NOVOTE
DarkVee,NOVOTE
welie,GROW
Mockapapella,NOVOTE
fufnb1,GROW
Has_fun_with_chicken,GROW
travo97,NOVOTE
Abstract_Logic,GROW
MrMagius,GROW
HelloRockview,NOVOTE
Z0mbieBait,NOVOTE
AnonymityR,NOVOTE
roomnoises,NOVOTE
JiggaWatt79,GROW
frankmint,GROW
pa79,GROW
magicpat2010,NOVOTE
namekal,GROW
kokonahnah,GROW
CaptainMeme,GROW
CptJesus,NOVOTE
CoachSpo,NOVOTE
no_elaboration,NOVOTE
gotmycheesewizardboy,GROW
Detroit_Guy,NOVOTE
master_of_the_house,NOVOTE
theunpoet,NOVOTE
ifindustries,GROW
kows,GROW
LuckyTech,NOVOTE
derk_funk,GROW
CharkBot,NOVOTE
maep,GROW
Rob1nTrivia,NOVOTE
Mistythread,GROW
stalkereyes,GROW
uaoie,STAY
TheNewUltimateJesus,NOVOTE
Qilvey,NOVOTE
kerbals_r_us,GROW
Brostrodamus,GROW
sdoorex,GROW
_Bussey_,NOVOTE
FunkierMoose,NOVOTE
zzhixin,GROW
ellisdeez,GROW
Monkop,NOVOTE
XDerpstep,NOVOTE
Kiwtu,GROW
Redowadoer,GROW
mental_diarrhea,NOVOTE
nmgreddit,NOVOTE
Caesitas,GROW
pdeva1,NOVOTE
Cpu_chan,GROW
Biology123,GROW
mpchester,GROW
derpaturescience,NOVOTE
s3cur1ty,GROW
Cpete,GROW
egemen3555,NOVOTE
pizzapieboobies,GROW
Zelkova,NOVOTE
drtaylor,GROW
Gosig,STAY
Rakash6,STAY
TheApplesAreElsa,NOVOTE
effyouinthea,GROW
itsMalarky,GROW
ccandeShle,GROW
hans_s,GROW
roxieh,GROW
TheScootz,GROW
DaGamer12345,GROW
rodentgarments,GROW
Cheesenaut,GROW
roxath,GROW
AlpacalypseMoo,NOVOTE
cheakios512,GROW
SatansF4TE,GROW
JohnMaddenNFL,GROW
bloom328,GROW
soKu_or_bust,GROW
ImSoISIRNRightNow,NOVOTE
ArbitraryCredentials,GROW
Illandre,NOVOTE
brikeris,GROW
Lagulous,NOVOTE
GrowCloud,GROW
Automannix,NOVOTE
empireofjade,GROW
thedavehughes,GROW
Orioh,GROW
idleman6,GROW
QuietKestrel,STAY
robinAlt2,GROW
cloudb182,NOVOTE
mwguthrie,GROW
Hijynks,NOVOTE
shadowman99,GROW
karmichoax,NOVOTE
Rickster885,NOVOTE
912876,NOVOTE
KuDu2,GROW
DrewRWx,NOVOTE
GabbageFilms,NOVOTE
G23PaxilonHCl,GROW
Lulzorrr,GROW
Nole77,NOVOTE
ministryofsound,GROW
AEtherSurfer,NOVOTE
wood4536,GROW
RicoVig,GROW
Topocane,GROW
cyberpunkRanaissance,GROW
frcbot,GROW
a_shootin_star,NOVOTE
keteb,GROW
redpenguin9999,NOVOTE
QuinnMallory,GROW
mr_trousers,GROW
veIimas,GROW
Xhonalight,GROW
Piece_Of_cake,GROW
DrRecommended,GROW
theouterbanks,GROW
zerlure,GROW
CD9,GROW
Hutterleft,GROW
mjlip,GROW
Chancoop,NOVOTE
TheMentalist13,NOVOTE
Stop_OK_No,NOVOTE
Mattya929,GROW
agentverne,GROW
sociallyawkwarddude,GROW
1anrold,GROW
saiarcot895,GROW
Xebevo,GROW
memgrizz,NOVOTE
jmerc83,STAY
Jobya,NOVOTE
Nudlsuppe,NOVOTE
wavepool,GROW
RUN_CHASE_RUN,GROW
edderiofer,NOVOTE
geekahedron,STAY
rbemrose,GROW
curious-raven,GROW
dyaus7,GROW
bargainkangaroo,GROW
moist_belt,NOVOTE
_oken,GROW
Sholvo,GROW
GrowToWin,GROW
TheVisionary11,GROW
Fantom909,NOVOTE
Psychocane,NOVOTE
TagProPreciousRoy,GROW
2001em2,GROW
Eibi,GROW
TheUnknownTag,GROW
gatorbearr,GROW
Huntermbradley,GROW
Glumpfi,GROW
MrRumfoord,GROW
Voidjumper_ZA,GROW
gildedlink,NOVOTE
baobaoaz,NOVOTE
blue_ash,NOVOTE
Nicolasscheers,NOVOTE
omgblvd,GROW
mil0tic,NOVOTE
Szeth-sonson-Vallano,STAY
idratherbeinvail,NOVOTE
Zact_Katelo,NOVOTE
catch10110,NOVOTE
GROWDISBITCH,GROW
johntempleton,GROW
Kr4d105s2_3,GROW
CuriousMoa,NOVOTE
_stormagnet,GROW
pfff---,GROW
altobase,GROW
ChopperTheDoctor,NOVOTE
RainbowMallow,NOVOTE
blandrogyny,NOVOTE
tinohara,NOVOTE
DoctorDoomDoom,STAY
squrly,GROW
vast_amphibians,NOVOTE
alex_fett,NOVOTE
Auroness,GROW
alok0,GROW
leathercraft-wannabe,GROW
Melloncollieocr,NOVOTE
pmmurrobins,NOVOTE
therossboss,GROW
uaeoi,STAY
whatdoicallthisone,GROW
megawarpig,GROW
4944592,NOVOTE
ristophet,STAY
TDAGSI,GROW
allankcrain,GROW
typedover,NOVOTE
5hakehar,GROW
Ardentfrost,NOVOTE
WutAmARobinFor,GROW
mmkorn22,NOVOTE
hey-zeus,GROW
CoinValidation,GROW
meplur,GROW
IncorrectError,NOVOTE
brycedriesenga,GROW
WAO138,GROW
adrientrinh,GROW
Stosman,GROW
jdf2,GROW
Gro4Lief,GROW
fucker2016,NOVOTE
monkey2211,GROW
apul_flex,GROW
mathyouhunt,GROW
bhop2112,GROW
Awesomerizer,NOVOTE
shakhteremeslo,NOVOTE
RUN_STR,STAY
cave123,NOVOTE
cyclops0000,NOVOTE
kmidre,GROW
anonymous_troll,NOVOTE
DDoSQc,GROW
SGCleveland,GROW
Sgoku,NOVOTE
HIDINGATWORK,GROW
matchai,NOVOTE
WorldWarZ,GROW
Hennihenner,GROW
SuperKalton,NOVOTE
RexSquared,STAY
barrygibb,NOVOTE
raoulduke007,NOVOTE
Novalis512,NOVOTE
graeyRaven,STAY
Sparling,GROW
ranzadk,GROW
Brady1026,GROW
PM_ME_YOUR_DUCK_FACE,NOVOTE
Slightlynorth,GROW
fonzie588,NOVOTE
Zazie_Lavender,STAY
DackJanielz,GROW
hartofdark,GROW
mustardhamsters,GROW
idleman7,GROW
dyingdogs,GROW
XpRienzo,GROW
rangda,GROW
ImBakinBacon,NOVOTE
gnvperson,GROW
obviousaltforrobin,GROW
kraph,NOVOTE
Jargozeti,GROW
btilm305,GROW
ipod123432,GROW
swardson,GROW
namazu,GROW
TheCountryoftheGrow,GROW
TheRandomWolf,NOVOTE
chartyourway,NOVOTE
lilchilli,NOVOTE
hawkfalcon,GROW
jfb1337,GROW
SgtMaximum,NOVOTE
Gelmit,GROW
0xdragon,NOVOTE
MicekUnstoppable,GROW
veeedz,GROW
starbuck93,GROW
taulover,GROW
SamuelLBronkowitz,GROW
itsmissjenna,NOVOTE
rhymeswithmacarena,NOVOTE
Fairstpierre,GROW
WhatDoTheBirdsCry,GROW
Zenfnord-NCC-1701,NOVOTE
PEAMAN_IS_MY_FATHER,GROW
solarwings,GROW
Lysergic-acid,GROW
ShadowNoteP,GROW
creamofsumyumgai,GROW
gamefish,GROW
grentacular,NOVOTE
FilthyCasualLurker,NOVOTE
physicsphaery,NOVOTE
kitchipaw,GROW
p7r,GROW
PickleMyTickle,GROW
Frankeh1,NOVOTE
snakesonatoni,GROW
jyonce,NOVOTE
brian212,GROW
finallyinteresting12,GROW
Ewecus,GROW
20quid,GROW
PerisoreusCanadensis,GROW
TrekkieTechie,STAY
Merkin_Sniper,GROW
KoolGMatt,NOVOTE
tripledjr,GROW
Turpentine01,NOVOTE
altfrone,GROW
Anfrone,GROW
_rya_,NOVOTE
TheJizzWhisperer,GROW
Mitch2025,GROW
deextralumineox,GROW
ramajamalam,STAY
devjunk,GROW
Kyrmana,NOVOTE
TrantaLocked,NOVOTE
deviroxx,GROW
Online_i,GROW
Ninja8259,GROW
PapaEmeritus-III,NOVOTE
quatch,GROW
NextInfinity,NOVOTE
thesummerofgeorge,GROW
imalittledinosaur,GROW
pressymcpress,NOVOTE
Elisapee,GROW
3onicj,NOVOTE
Iislsdum,GROW
Chef_Ryan,GROW
nohojay,NOVOTE
netnerd01,GROW
Senqo,NOVOTE
NullismStudio,GROW
DeadEndDragoon,GROW
hi_0,NOVOTE
Stacia_Asuna,GROW
Skyllz89,NOVOTE
vincentsico,GROW
RIFLRIFLRIFL,GROW
ToCareIsHuman,GROW
lioncat55,GROW
biodegradable_yogi,NOVOTE
Atheron3,GROW
Morialkar,NOVOTE
PM_ME_SCARY_ANIMALS,NOVOTE
damn_good,NOVOTE
hamartia7514,GROW
kendrahere,NOVOTE
totesjobin,GROW
dave_c,NOVOTE
drbossmanprodude,GROW
IGotFunks,NOVOTE
misterverbnoun,GROW
Reckasta,NOVOTE
madetofall,GROW
PlowKing1999,NOVOTE
Tier17orbust,NOVOTE
Mr_Krabs25,NOVOTE
ohlookajellybean,GROW
JustHereForRobin,NOVOTE
Mazdoff,GROW
notanalt3045,NOVOTE
2chainzbear,NOVOTE
nowordforit,GROW
Raspberry_Bacon_Sex,STAY
YeezyBreezyCovergirl,GROW
hohihohi,GROW
shishkeblob,NOVOTE
hatrickpatrick,NOVOTE
J08nY,GROW
TunaLobster,NOVOTE
obfuscatedobesity,GROW
Kretenkobr2,NOVOTE
matareyes,GROW
BobDanPat,GROW
notshitstop,GROW
Jolly_Alpha2,NOVOTE
OrderChaos,NOVOTE
blazerqb11,STAY
ilovetinycreatures,GROW
Kruziik_Kel,GROW
cheesecakezombielama,NOVOTE
Broodje,NOVOTE
Hilltopchill,NOVOTE
ralgrado,GROW
SageEatingSage,NOVOTE
GuliblGuy,GROW
RobinIsGrowth,NOVOTE
altlyboy,GROW
pedunt,GROW
cssvt,NOVOTE
WorldLinx,GROW
wilplatypus,GROW
EverydayMuffin,GROW
adrimirc,NOVOTE
grizzly_wintergreen,NOVOTE
Taleri,GROW
whereswaldoscock,NOVOTE
nazarm,NOVOTE
Todtgelichter,GROW
raaabs,NOVOTE
phelonius,NOVOTE
LiarsEverywhere,NOVOTE
LiteratiTempo,NOVOTE
rabidfurball,GROW
EtchingInElectrons,GROW
cazique,GROW
loradion,GROW
Zybergod,NOVOTE
JustJillian,GROW
Greensauce,NOVOTE
calamis,GROW
Robulus,GROW
mh3f,GROW
justguessmyusername,NOVOTE
marv257,NOVOTE
scrubdogmillionaire,NOVOTE
Laugarhraun,NOVOTE
Gelu6713,NOVOTE
zebbodee,NOVOTE
mide765,GROW
BadAtThisKindOfThing,GROW
idleman4,GROW
gusboss,GROW
uijoti,GROW
yetanotherfaggot,NOVOTE
SpaceSandwich_,GROW
MattRRead,GROW
damontoo,GROW
GroovyUnicyclist,NOVOTE
Invisible_Fridge,NOVOTE
ThQmas,GROW
Finikan,NOVOTE
OnTheWayTo17,GROW
Ghost_of_Karl_Marx,NOVOTE
ElleAnn42,GROW
KingSauleR,NOVOTE
Bonhomie3,GROW
Moose_Hole,GROW
inthewhiteroom,NOVOTE
Kawaii_Desu-Chan,GROW
_asdfjackal,GROW
SirHarryofOtter,NOVOTE
Fwaiiiz,NOVOTE
prolixdreams,GROW
i_bri,NOVOTE
vrips,NOVOTE
TomHeartsFeet,GROW
Quizznor,GROW
dishwasherphobia,NOVOTE
tehalexf,NOVOTE
dnlcrl,GROW
relevant_porn_link_r,GROW
coopersloat,GROW
idleman9,GROW
Moretakitty,GROW
WantDiscussion,GROW
BostonRob-in,NOVOTE
Zuir,NOVOTE
palealt3,GROW
throw-that-away-now,NOVOTE
Me2twoFire,NOVOTE
hey_n0w,NOVOTE
elitepenguin4,GROW
burgetta,NOVOTE
randomdent42,NOVOTE
bobisthestar,GROW
headzoo,GROW
AaroniusH,GROW
mikiverevikim,NOVOTE
ImTaser,GROW
Knuk,NOVOTE
eltair,GROW
4c51,GROW
TheHighRobin,NOVOTE
hatdude,NOVOTE
MrFurrypants,GROW
marscosta,NOVOTE
havfo,NOVOTE
drunkmall,GROW
cstaylor,GROW
Dockerson,GROW
nepteidon,GROW
mart-e,NOVOTE
esuommai,NOVOTE
neveragain56,NOVOTE
throwaway696942O,NOVOTE
ShrinkingElaine,GROW
Ragthor42,NOVOTE
9306549,NOVOTE
robo23,NOVOTE
Navifan22,GROW
herrzynisch,NOVOTE
JustJJ92,GROW
rhinotheredditor,GROW
g8r_h8r,NOVOTE
XdaXtreme,GROW
WhatsUpImKinky,GROW
razminr11,NOVOTE
Ulfgore,GROW
hyclrs,GROW
merelyadoptedthedark,GROW
labiaflutteringby,GROW
elchispa,NOVOTE
teir17plz,NOVOTE
Creampie_Obsessed,NOVOTE
Steeleface,GROW
Wintorn,NOVOTE
sfshia,GROW
MrOO5,NOVOTE
soKukuneli,NOVOTE
mns_,GROW
cerebro_lol,GROW
agree2agree,NOVOTE
2gumballs,NOVOTE
twoandfortysix,GROW
polarbear128,STAY
Harkoopshel,NOVOTE
headlongdownhill,NOVOTE
lpadxsmbij,GROW
Tekfrog,NOVOTE
dinosore,NOVOTE
BUTTON_ACCOUNT420,NOVOTE
RobinTracker,NOVOTE
jdsfighter,GROW
idleman10,GROW
r4u,STAY
TheSuperiorUncleBob,NOVOTE
Xeinuir,GROW
alexanderpas,GROW
wigguno,STAY
ACMarathon,GROW
theAzack9,NOVOTE
Weirdly_Savage,NOVOTE
francinum,NOVOTE
I_AM_A_FUNNY_GUY,GROW
cacophonousdrunkard,NOVOTE
I_CAN_EAT_YOUR_FISH,NOVOTE
theSeanO,NOVOTE
nobile,GROW
Edares,GROW
UniqueFirst,GROW
TheStig52,GROW
stevothepedo,GROW
pixil,NOVOTE
PGpanda,NOVOTE
RustyBower,GROW
Ninety__Five,GROW
xxSINxx,NOVOTE
awwyas,GROW
ShamanicVoter,NOVOTE
hiswayout,GROW
BudosoNT,GROW
Improbability,NOVOTE
karadine,GROW
raakphan,STAY
MistakerPointerOuter,STAY
713_HTX,GROW
tinywaffles,NOVOTE
Seved,NOVOTE
sokukuoverlord,NOVOTE
ct2k7,NOVOTE
jmasterfunk,STAY
matthewhale,NOVOTE
ketosoy,NOVOTE
Bananajesus,GROW
BiscutNGravy,GROW
page_not_found,GROW
xbris,NOVOTE
404waffles,NOVOTE
rinsa,NOVOTE
erto66,GROW
good_caturday,GROW
Thaoukal,GROW
costanza_dot_jpg,GROW
LossOfInnocence,GROW
The_Cover_Up,GROW
Rosertot,GROW
LennonMOBILE,GROW
Brraaap,GROW
MooseDelight,NOVOTE
bochez,GROW
Streamline0964,NOVOTE
-NoobGainz-,GROW
FirstRuleOfSteamSale,GROW
Ruruskadoo,GROW
rullelito,NOVOTE
TeaAndPopcorn,NOVOTE
theeveninglibrarian,STAY
SpeedySauce,GROW
Regressedy,NOVOTE
HeroCC,GROW
bzisjo,GROW
GottaGoMerge,NOVOTE
dumbyoyo,NOVOTE
jrichards2007,GROW
vezorek,GROW
awesomepenguin2,NOVOTE
keplerverse,NOVOTE
sweghost,NOVOTE
tr_bq,GROW
cambevo,GROW
DanielR17,GROW
xlet_cobra,NOVOTE
TheWalkingUncleBob,GROW
potatoestomatoes,NOVOTE
t17-or-bust,NOVOTE
Rykli,STAY
vanishingstapler,GROW
RichardCrapper,GROW
niicooleejean,NOVOTE
Pain_Fly,GROW
a_username_0,NOVOTE
C4boose_,GROW
RedRobin-6,GROW
Lushbob,GROW
Golden_drop,STAY
FearTheUncleBob,NOVOTE
ShizzleMyTimbers,GROW
BluDude,GROW
FrontwaysCupid,GROW
iamsilenttoo,NOVOTE
StuddedNET,GROW
starberry697,NOVOTE
Meshiest,GROW
ghastrimsen,GROW
pexium128,GROW
the_only_faggot,GROW
BakhtiariLur,GROW
arcanition,NOVOTE
arghabargh,GROW
edamamethrowaway,GROW
Spudski,NOVOTE
Plotsmurphy,NOVOTE
teeson,GROW
formenotyou,GROW
chalkthesteelers,GROW
jvonkllr,GROW
Schneidercarrot,NOVOTE
nuuskamix,GROW
cardboardtheory,GROW
Happy_Neko,GROW
F0064R,GROW
Lavadarkshadow,NOVOTE
Regret_Pancake,GROW
rbbdrooger,NOVOTE
drewkungfu,GROW
is_this_memes,GROW
T17orBust2,GROW
noonecanhearyou,GROW
veganzombeh,NOVOTE
GrammarianEB,GROW
thexubex,NOVOTE
hellofromouterspace,GROW
JAGoMAN,GROW
vitalcandy,NOVOTE
ALEXJAZZ008008,GROW
Tapirsnor,GROW
meostro,NOVOTE
theweebaby,NOVOTE
TheAma1,NOVOTE
Certainlynotaghost,GROW
TheCatsmith,GROW
TheUnsnappedCrowbar,GROW
fufufunator,NOVOTE
bavu,GROW
Kingofskillz,GROW
turtle_in_trenchcoat,NOVOTE
PastaOfMuppets,GROW
mdelaossa,GROW
necrophiliacheaven,GROW
runningrabbit86,NOVOTE
CommVenus,GROW
m38,GROW
DankMeemeeMaster,GROW
Annoy_Occult_Vet,GROW
m39,STAY
sodpaz,NOVOTE
woahdudethatsfukedup,GROW
zornslemming,NOVOTE
SJPadbury,GROW
SnZ001,GROW
xCruise,NOVOTE
spacemanza,NOVOTE
mattman509,NOVOTE
Excalibur457,GROW
CybertRON987,NOVOTE
SenorLarry,NOVOTE
ErisC,NOVOTE
Omnobo,GROW
Quazaka,GROW
LeftHandLink,STAY
LOHare,NOVOTE
khoaz,NOVOTE
Douchy_McFucknugget,GROW
Homicidal_Puppy,NOVOTE
seamewe,GROW
TheGreatCascade,GROW
Alasforpikachu,NOVOTE
CyberSlain,GROW
deten,NOVOTE
varikin,GROW
Selbeven,STAY
txnbla,GROW
Sergris,NOVOTE
morbid3500,GROW
ApocalyPunk,NOVOTE
the_rape_sloth,NOVOTE
Thuggy-G,GROW
quicklyspent,GROW
chiisana,GROW
cmotdibbler14,GROW
Shoesbear,GROW
TheMentalist14,NOVOTE
doombrain,NOVOTE
-theletterH,NOVOTE
p3rp,GROW
AwkwardFuckingTurtle,NOVOTE
T17_Or_Bust,GROW
teabag69,GROW
notme3_,GROW
sgtflufflz,NOVOTE
WinstonSmith2015,GROW
Wumans,NOVOTE
TyrianPlum,NOVOTE
darokrithia,GROW
OkeDatUsh,GROW
radiodemon,GROW
fatbigdick,NOVOTE
prepared_for_later,GROW
turblety,NOVOTE
Happy_Fappy_Times,GROW
megamanxzero35,NOVOTE
skidsup,NOVOTE
Leonoxide,GROW
blobbafett,GROW
VariousThoughts,GROW
WolfHoodlum1789,NOVOTE
HonestlyIDidntMeanTo,GROW
doryx,NOVOTE
OddSauce,NOVOTE
mDebra1003,GROW
uLtr4Numb,GROW
fernir0,GROW
okminz,NOVOTE
Mr_Peanut-Butter,NOVOTE
LousyTX,GROW
kinetic37,NOVOTE
eyepeeaye,NOVOTE
TheAdvocate,GROW
GaryJohnson2016,GROW
Murphy612,NOVOTE
Iwannabefabulous,GROW
rolya96,STAY
-Mojo,NOVOTE
RenegadeAI,GROW
biochemguy2016,GROW
jesusmacabeee,NOVOTE
feb29istoday,NOVOTE
SableAhoy,NOVOTE
ieuao,STAY
klippet,NOVOTE
romulus4444,GROW
sishgupta,NOVOTE
ahmenrah,GROW
Asien,NOVOTE
chadhanlon,NOVOTE
spoonman69,GROW
Andox-,NOVOTE
315Lukas,STAY
yearsoflove,GROW
definitely_not_robin,NOVOTE
vanishmysterious,GROW
ZidDigs,GROW
SenorBaxter,GROW
dblink,GROW
idleman11,GROW
Devastash0n,GROW
Darakath,GROW
Soveriegn,NOVOTE
autovotetest,GROW
trashlikeyourmom,GROW
Symns,GROW
terevos2,GROW
suscepimus,GROW
RedRobin-4,GROW
CottDude,GROW
Earthbaker_,NOVOTE
Busybyeski,GROW
FabianKelschotz,GROW
fsbk366,GROW
Akkadao,GROW
Benevolenthedgehog,GROW
Porso7,GROW
a1t-robin,NOVOTE
iamheadhancho,GROW
synth3tk,GROW
lepon01,GROW
Syrexide,NOVOTE
mailman105,NOVOTE
megadave89,GROW
xD512,NOVOTE
GenInfinity,NOVOTE
strudelkopf,GROW
ADMONlTOR,GROW
Lirrad,GROW
allasonder,GROW
donam,NOVOTE
Melraidin,NOVOTE
link2x,NOVOTE
mipu,GROW
Player72,NOVOTE
undeclared1744,NOVOTE
gruisinger,NOVOTE
aaron00923,NOVOTE
ColSandersGhost,GROW
MichyMc,NOVOTE
JV99,GROW
CommisFour,NOVOTE
BitchIAmABus,GROW
Mega_Luxray,GROW
IDidntChooseUsername,GROW
TLFP,GROW
AppleDashPoni,NOVOTE
rabz12,STAY
meofherethere,NOVOTE
Randomperson101010,GROW
theshethatsaid,NOVOTE
bitchycunt3,NOVOTE
ikar100,GROW
awwyus,NOVOTE
OpifexMorte,GROW
RedRobin-7,GROW
ZeroPoke,NOVOTE
yamamushi,GROW
Mithent,GROW
ABCDwp,NOVOTE
That_Batman,STAY
Yrrem,GROW
AdenFlorian,NOVOTE
shootingblank,GROW
abaasy,NOVOTE
InTheDaylight14,NOVOTE
PitchforkAssistant,STAY
ihavetoomanyquestion,GROW
Steelrain121,GROW
Funnnny,NOVOTE
jaisthisaparty,GROW
trbnplsn12,GROW
Vaynaa,GROW
MothershipX,GROW
Moejason,NOVOTE
mith,NOVOTE
drumz0rz,GROW
IFlyAirplanes,NOVOTE
Sbabdude,GROW
itallbreaksdown,GROW
AlvinBlah,NOVOTE
CrossxFyre,GROW
VulcanSithLord,NOVOTE
MakeRobinGreatAgain,NOVOTE
Indeed_A_Murderer,GROW
zmunk19,GROW
Rablusep,GROW
NapalmFrog,GROW
These_Voices,GROW
SyNiiCaL,GROW
MashedHair,GROW
----_-_-_-_----,GROW
rdlando,GROW
Government_Drinking,GROW
Troooop,NOVOTE
bwochinski,NOVOTE
bnmak,GROW
erinobin,GROW
Mathygeek31415,NOVOTE
CD9V2,GROW
brokenyard,NOVOTE
Selentre,GROW
MattsterReddit,NOVOTE
jetpack777,NOVOTE
thebronzedragon,NOVOTE
Strio13,GROW
sweet_fucking_sex,GROW
CR-01,GROW
Alex-E,GROW
MakeAMemeFoundation,GROW
comanon,NOVOTE
illuminateddisplays,GROW
ssjjawa,NOVOTE
Gandulph,NOVOTE
RedRobin-8,GROW
shallonge,NOVOTE
pathetiq,GROW
Nannyrabbit,GROW
ReplayAttack,GROW
ChoboTeamLeague,NOVOTE
RobinAltABC,GROW
gringer,GROW
SerpentTongue,NOVOTE
Pate94,GROW
BoredAtWorlk,NOVOTE
DaBoomNaDaMmDumNaEma,GROW
heklingheksen,GROW
HiNRah,NOVOTE
that__fuckin__guy,NOVOTE
Eevolveer,NOVOTE
Laquox,GROW
packetheavy,GROW
r1pvanw1nkl3,GROW
FifteenFoxes,GROW
DangerMose,GROW
loonybean,NOVOTE
NinjaAngel777,GROW
YNk-,NOVOTE
Whisperingfire,GROW
What_Game_Is_It,GROW
DanPatBob,GROW
inspektordi,NOVOTE
AS82,GROW
DontPhazeMeBro,GROW
tomch546,NOVOTE
sLaughterIsMedicine,GROW
ConflictingDuality,NOVOTE
FatherStorm4,NOVOTE
estherium,NOVOTE
JimmyTheIntern,GROW
ij900,GROW
Transtar,GROW
mvartan,GROW
glegleglo,NOVOTE
trogdor1991,GROW
Williekins,GROW
StrawberryMoses,NOVOTE
caine1035,NOVOTE
TequiIa,NOVOTE
dcdm88,GROW
elee0228,GROW
The_One_Truth,GROW
absolut_soju,GROW
HashPram,NOVOTE
John_Maddun,GROW
generalnow,NOVOTE
brontodons,NOVOTE
StarvingAnimator,GROW
RobinUnite,GROW
mrspeeds,GROW
DoItForRobin,GROW
Synvetic,NOVOTE
yuchunchang,GROW
bonerstorm,GROW
Chillangilo,GROW
evacide,STAY
poiklers,GROW
surprised_platypus,NOVOTE
Muskwatch,NOVOTE
_beeb,GROW
Lurconis,NOVOTE
Psychgen,GROW
notcaffeinefree,GROW
Starfyrewitch,GROW
popups4life,NOVOTE
crainngonewild,GROW
PapalRage,STAY
lonelyboyisme,NOVOTE
BurritoMedici,GROW
eurotool,NOVOTE
CommisFive,NOVOTE
altsloat,GROW
nandhp,GROW
Dark_Tyrant,GROW
j0be,NOVOTE
Name0fTheUser,GROW
fprotthetarball,GROW
glenreedman,GROW
qwertyshark,GROW
WeekendInBrighton,NOVOTE
PBCom,GROW
Elliot_Green,NOVOTE
david-miles,GROW
realwords2016,NOVOTE
tedztar,GROW
IAmAAlaskan,NOVOTE
LacquerCritic,NOVOTE
broken-meat,NOVOTE
CrimsonAutomaton,NOVOTE
mondojay,NOVOTE
notgregoden,GROW
Verticallity1,GROW
qalteqar,GROW
ScotchMe,GROW
austinwxyz,NOVOTE
kraemahz,GROW
havalinaaa,GROW
Rabidmushroom,NOVOTE
leonardodag,GROW
SomethingToDanceTo,GROW
kalila855,NOVOTE
ryodoan,NOVOTE
dbgcore,NOVOTE
NotHimForSure,GROW
kikitodiaz,NOVOTE
ssnistfajen,GROW
synackal,GROW
myCoderAccount,GROW
landswimmer,GROW
AnotherRobin,GROW
Smashreddit,NOVOTE
IAmALawyer,STAY
Paleran,GROW
irontuskk,GROW
addthrow4way,GROW
SmiteFish,GROW
biggbuckz,NOVOTE
ceiling_tiles,GROW
Mythblood,NOVOTE
auiq,GROW
thatfunkymunki,GROW
Captin_Obvious,GROW
HyperChrisX,NOVOTE
realslimshadyMEOW,GROW
S0N0FABITCH,NOVOTE
emdashed,NOVOTE
brtzsnr,NOVOTE
Barefooted23,GROW
vividbiviv,GROW
bloodyrevenge,NOVOTE
krisbykreme,GROW
xD_MingLee,NOVOTE
n1e,GROW
redpandapaul,GROW
leesmith123,NOVOTE
Confuzet,STAY
Rendivious,GROW
pohtayno,STAY
magicpiss,GROW
righz,NOVOTE
2305843009213693951,GROW
Aratis,NOVOTE
INFINITY_POPE,GROW
miss_rosie,GROW
jclariviere,GROW
RevolutionMaster,GROW
demonfoxphill,GROW
KatanaKiwi,NOVOTE
DOG124579,GROW
fsm_the_alfredo,GROW
h_trap,GROW
mydogfartedagain,NOVOTE
soKukuneliOrBust,NOVOTE
BurnSween,GROW
epicolocity,NOVOTE
smalaki,GROW
DirtyPigeons,STAY
voxelky,NOVOTE
Mathygeek314,NOVOTE
millerw,NOVOTE
OcelotWolf,GROW
ounai,NOVOTE
JustAskBaldwin,GROW
This_one_is_for_T17,GROW
WulfyZef,NOVOTE
Thecactigod,STAY
kjhowes,NOVOTE
roastedlasagna,GROW
rutter207,NOVOTE
octaypus,NOVOTE
gwblue,NOVOTE
shapirog,NOVOTE
janksnake,GROW
Viper007Bond,NOVOTE
balestorm,GROW
itookyourpulse,GROW
FireSart,NOVOTE
Abir_Vandergriff,GROW
chise,GROW
Louisifer,GROW
serriberry,NOVOTE
Buck1927,GROW
TheMentalist12,GROW
unclescar,NOVOTE
MisterMeiji,GROW
r9-,NOVOTE
xTails0328x,GROW
Wally-The-Walrus,GROW
Takaian,GROW
RedRobin-5,GROW
Bazinga_9000,GROW
raisesomehale,GROW
bobfossilsnipples,NOVOTE
songhype12,GROW
kayrunm,GROW
CyrenVelsoul,NOVOTE
BaggedTaco,NOVOTE
hyggja,NOVOTE
axemurdereur,NOVOTE
Cudgeon,GROW
Pamasich,GROW
qe8,GROW
BlandSauce,NOVOTE
Stanel3ss,NOVOTE
what_should_we_eat,NOVOTE
mobuco,GROW
ForteShadesOfJay,NOVOTE
Eralea,GROW
quisling21,GROW
ShinkoNetCavy,NOVOTE
agent_carmichael,NOVOTE
JumpingCactus,NOVOTE
Regularjake55,NOVOTE
RELAXINGATHOME,GROW
holycrapitsdan,NOVOTE
peterkeats,GROW
DieTheVillain,GROW
zenoahchan,GROW
beard113,GROW
arglebargleglopglyf,STAY
kryptonic3,NOVOTE
TheVisionary12,NOVOTE
bpd-canine,GROW
MapleJava,NOVOTE
noone12567,GROW
Darkcheesecake,STAY
KingOfZeDark,GROW
jleonardbc,GROW
Bappedekkel,GROW
NINJA_DILDO_FUCK_CAT,GROW
KennyLlamas,GROW
xiixhegwgc,GROW
Artinz7,GROW
toew,GROW
SpamBotPro,GROW
hexhooves,NOVOTE
ypps,NOVOTE
kyrieshandles,GROW
HowManyCaptains,GROW
Keith_Solidus,NOVOTE
DonkeyCatHybrid,STAY
3onicj_V2,GROW
jozaud,GROW
xReptar,NOVOTE
Yolatenguy,GROW
TRIVIA_GOD,GROW
Xzavi3r,GROW
MachtKeinFlausAus,NOVOTE
Infinite_Sharts,NOVOTE
estranho,STAY
Matlas8,NOVOTE
partiallysplendid,NOVOTE
Espequair,STAY
mr_bag,GROW
wheelchairswag,GROW
drazion,NOVOTE
quamper,NOVOTE
bitchycuntalt,GROW
FatherStorm8,NOVOTE
fatinoparents,GROW
lurkielurker,GROW
mathygeek31,NOVOTE
palealt,GROW
Alicks2,GROW
fury426,NOVOTE
norcalairman,NOVOTE
Lunnes,GROW
snoffysaurus,NOVOTE
icanhearyoujustfine,GROW
alemaaltevinden,NOVOTE
SubredditGames,NOVOTE
Vupwol,GROW
jesman1,GROW
GuitarFreak027,GROW
udp4lyfe,GROW
melissy,NOVOTE
Lousy_SVG,GROW
Lono37,NOVOTE
RedRobin-9,GROW
BVsaPike,NOVOTE
0x726564646974,NOVOTE
shinoxaki,GROW
i_want_to_merge,GROW
ConspicuousPineapple,STAY
harlemshakeNbake,GROW
Doctor_Jimmy_Brungus,GROW
fazaden,GROW
eskEMO_iwl,NOVOTE
PreciousRoy4Prez,GROW
Kayla_G,GROW
puredisgust,GROW
Hardx,GROW
MormonDew,GROW
deadNightTiger,STAY
seldian,NOVOTE
Maxdarkfire,GROW
ld_livid,GROW
rorykane,NOVOTE
seebelowforcomment,STAY
I_this_this,GROW
floppybiscuits,NOVOTE
Espinozem,NOVOTE
FlyAwayLittleRobin,GROW
crandamaniac,GROW
MrLMNOP,NOVOTE
Diplotomodon,GROW
lalitox,NOVOTE
qqqwerfvMono,NOVOTE
Jan_Michael__Vincent,GROW
law5er,GROW
the_random_noob,NOVOTE
Kimmeh2010,GROW
Tishlin,STAY
ph49,GROW
nontelop,GROW
rcbg0713,NOVOTE
PLUHF,GROW
CommonSandpiper,GROW
BrandonCarlson,NOVOTE
Kowiz,NOVOTE
key2lite,GROW
mikebiox,GROW
willief,STAY
ExoticCarMan,GROW
atarimae,GROW
robinseeder,GROW
pw_15,NOVOTE
akent,NOVOTE
3van,NOVOTE
canadian_it_guy,GROW
MrKeaton,NOVOTE
AtmaFighter,GROW
k_princess,NOVOTE
ComputerWoman,STAY
TeamBlast,GROW
libiff,NOVOTE
vguria,STAY
Hogarththedestroyer,GROW
Padfoot299,NOVOTE
HemingWaysBeard42,GROW
brianghanda,NOVOTE
InfectedKitten,NOVOTE
PurpleDotExe,NOVOTE
OmnitronXI,GROW
DarthSunshine,NOVOTE
55555,GROW
Spaffy156,NOVOTE
Terra_Lava,NOVOTE
ntoc2,NOVOTE
Beat4401,NOVOTE
0003c9fe,NOVOTE
Kamguh,GROW
DIPLOT17,GROW
gregoreofilling,NOVOTE
buttfuck_watermelons,GROW
wornmedown,STAY
micromoth,GROW
floppy-oreo,GROW
rawrachel,STAY
ZombiezuRFER,GROW
imchrishansen_,NOVOTE
aintdiego,GROW
unAWARE777,GROW
RhettQueen,NOVOTE
Sirwat,NOVOTE
ZigZoodle,GROW
Tequillama,NOVOTE
Butt-on-a-stick,NOVOTE
RavenLeStrange,NOVOTE
nullx,GROW
NightVisionHawk,NOVOTE
bakedpatato,GROW
domstersch,NOVOTE
harold814,GROW
Xykr,NOVOTE
theGrooveTime,GROW
HosakaTyrellCorp,GROW
Foxtreme,NOVOTE
peachinsanity,GROW
tbsports,NOVOTE
stuntant,NOVOTE
PM_Your_Birds,NOVOTE
carlysaurus,GROW
xeyalGhost,NOVOTE
encryptedinformation,NOVOTE
Speezix,GROW
beegbeegbeeg,GROW
Definately_A_Human,NOVOTE
PickoUK,GROW
Spiffillion,GROW
Avocadokadabra,NOVOTE
gutanoth,GROW
teamvista,NOVOTE
andrewtabs,GROW
kev231998,NOVOTE
fucks_with_his_dog,NOVOTE
darkfalz,NOVOTE
OscarSlenderman,GROW
HMPerson1,NOVOTE
squidmania,NOVOTE
What_Would_MSI_Do,NOVOTE
michlantecuh,NOVOTE
chemcalfarmr,GROW
MetaX24,GROW
johnboker,GROW
Boxey7,NOVOTE
emsmale,GROW
myserval,NOVOTE
BanjoJosh,STAY
tehcid,NOVOTE
Bunny_Bixler,GROW
overactor,GROW
BattleRushGaming,GROW
Exclarius,GROW
DaJoker15,NOVOTE
BlueSriracha,GROW
FishingIsLife,GROW
Blue-Skidoo,STAY
MrJakeish,GROW
apockill,NOVOTE
A_Cunning_Pigeon,NOVOTE
RedRobin-0,GROW
DrPurse,GROW
nataya,GROW
IAmAWizard_AMA,GROW
jasperzieboon,GROW
CCECJHEMC,GROW
_Bush_did_9-11_,NOVOTE
Immortalus,GROW
mathfacts,NOVOTE
jazzooboo,GROW
cj1990,NOVOTE
deepsix12,GROW
redragon104,NOVOTE
GruntJuiceGH,NOVOTE
KronK0321,GROW
The_Grow,GROW
LegoTheExplorer,GROW
tojikomori,GROW
blahalb09,NOVOTE
iiw,GROW
metalsteve666,NOVOTE
S2lverEagle,GROW
andee_,NOVOTE
TurnTheTideTM,NOVOTE
firangistan,GROW
thats_poes_law,STAY
NomadicSofa,NOVOTE
PowerOverwhelmingGG,GROW
Madnuzzlol,NOVOTE
PatrickDenton,NOVOTE
hello_london,GROW
aftburner,GROW
TruthInNature,GROW
Pantone185C,GROW
onetown,GROW
maffoobristol,NOVOTE
SatanicSaint,NOVOTE
blueblockers,NOVOTE
ReadingRobot,NOVOTE
antitoxicblather,GROW
electricsheep14,GROW
FAPPY_ACCOUNT,GROW
Dr_Victor_Friess,GROW
DarkDay65,GROW
my_pass_is_peaches,GROW
ownerlesspet,NOVOTE
FatherStorm6,GROW
FappinAccount,GROW
Alaric_Jenkins,NOVOTE
rush_rush_rush,GROW
Bess95,GROW
t_hunger,NOVOTE
cinderflame,NOVOTE
Mainstreamm,NOVOTE
Sir_Oswald_Stonegate,STAY
psm321,GROW
a_drive,NOVOTE
Radical_Alpaca,GROW
Bifrons,NOVOTE
Dios5,GROW
TrollBurgerHelper,STAY
_Aether__,GROW
Fleeto95,GROW
Hendo--AU,NOVOTE
not_today_trebeck,GROW
deadsluts,GROW
TheRealZuriki,NOVOTE
NavarrB,STAY
giraffebaconequation,NOVOTE
Lancet,GROW
HeWhoMadeTheWorld,STAY
Internet151,NOVOTE
FibonacciShibe,STAY
Prohibitedbehavior,NOVOTE
tekfire,NOVOTE
beckerist,NOVOTE
Gilgim,STAY
shiftshape,GROW
cockpit,NOVOTE
JC_Rooks,GROW
TheJambo,NOVOTE
respectthedead7,NOVOTE
ImF2P,GROW
dano612,NOVOTE
GreyMatter22,GROW
KingYezus,NOVOTE
sound_in_a_vacuum,NOVOTE
inconstructables,GROW
afinadori,GROW
Excitandis,NOVOTE
nenanen,NOVOTE
YawkOClock,NOVOTE
HardBoiledBollock,GROW
cyanide,NOVOTE
RabbityThing,GROW
randofriendo,GROW
elomar,GROW
kurrrrva,NOVOTE
deaderik,GROW
qalteqar3,NOVOTE
koum121,NOVOTE
Sokukune,STAY
nathanpaulyoung,NOVOTE
nrabuttons,NOVOTE
Brandopolis,NOVOTE
arturocazzoduro,GROW
Serkette,GROW
steg132,GROW
pervasiveGAASproblem,NOVOTE
red__falcon,GROW
grandpianotheft,NOVOTE
Nikez,GROW
PMass,STAY
zaren,GROW
scoutgeek,GROW
gielock,GROW
hiimyellow,GROW
river-boat,GROW
muaddib99,NOVOTE
Falecon,NOVOTE
Iwillanswerwithgifs,GROW
funknut,NOVOTE
luciusda,GROW
bobert273,GROW
Ropeydan,NOVOTE
rustyfriesnsfw,NOVOTE
nycerine,NOVOTE
LookAtMyHat,NOVOTE
magic_luver101,NOVOTE
IWorkAtWendysAMA,STAY
Undertow1047,GROW
anothererror,GROW
Tekno_Viking,GROW
ExtraEponge,GROW
Exit17,NOVOTE
Connerd117,GROW
Chim_,GROW
Kinky_IT,GROW
revoonrev,GROW
matthewkwcheung,GROW
SpicemanSpiff,NOVOTE
Colebeanos,GROW
b-m1nus,GROW
CloggedNozzle,NOVOTE
Yes_Im_Stalking_You,GROW
RadicalSally,GROW
somesortoffluid,GROW
dictator_sulla,GROW
Mr_Alert,GROW
JC_Alt,NOVOTE
syllabelle,GROW
Andorion,GROW
pandersson97,GROW
HornedAlt,GROW
neurores,NOVOTE
jaquan123ism,GROW
Sckxyss,NOVOTE
sasquatcheatsgore,GROW
SnowCoffeeNut,GROW
NandiniS,NOVOTE
mca62511,NOVOTE
bacon00101010,NOVOTE
specialopts51,GROW
raychay12,GROW
ZBigMF,NOVOTE
EvoXV,GROW
PM_ME_UR_CHICKENS,NOVOTE
Prep2,NOVOTE
joeycastillo,GROW
mathff31415,NOVOTE
MsMinxyChan,GROW
hopitopi,NOVOTE
notjosh3,GROW
MyceliumBlue,GROW
Mistful,NOVOTE
-RedWizard-,NOVOTE
peargreen,NOVOTE
DelZeta,NOVOTE
oagwcrey,NOVOTE
notmyrobinalt,NOVOTE
tehmagik,NOVOTE
Tier17orbust2,NOVOTE
TheBrainMuncher,NOVOTE
fxgn,NOVOTE
r4dicole,NOVOTE
MajesticMOO5E,NOVOTE
wandernext,NOVOTE
unexpectedconspiracy,GROW
Slepz,NOVOTE
GotDatPandemic,GROW
youtossershad1job2do,GROW
mwmo222,GROW
Blue_color,GROW
itisnti,GROW
thesnowfish7,GROW
elphieisfae,GROW
bapewka,GROW
Falodir,GROW
----_,GROW
PramHash,GROW
KindOfLikeYou,GROW
drakeblood4,NOVOTE
lafond66,GROW
CandyCustard,GROW
Lil_Rat,NOVOTE
RandomGreenThing,NOVOTE
whatcausespolitics,GROW
Wulfre,GROW
ajdj99,GROW
klan123,GROW
KaezarRex,GROW
Gew113,GROW
JokeSlayer21,GROW
Percoboist,NOVOTE
Dewrito197,NOVOTE
TJM030,NOVOTE
thewaferprettiest,NOVOTE
Octro,GROW
-Persona-,GROW
BirdieBernieBot,GROW
RectalRagnarok,NOVOTE
Cadenze,NOVOTE
DoctorKL,GROW
johnsmith10th,GROW
A_Toaster_Pastry,GROW
poopypants,NOVOTE
AudioDoge,STAY
hifromi,NOVOTE
yummy_pop_tarts,NOVOTE
witheld,GROW
mstrrmonhikn,STAY
calaquin,GROW
PornStegosaurus,GROW
BillaryRodhamClinton,GROW
datadumper,GROW
Nixteen,GROW
2big4this,NOVOTE
callddit,NOVOTE
playwithstring,GROW
DrSoaryn,GROW
flyingmonkeyssaymoo,NOVOTE
zehipp0,NOVOTE
Creyslz,NOVOTE
spinningblackdisc,GROW
dank_comebacks,GROW
MoistYeastRings,GROW
YUNoLetMeHaveName,NOVOTE
saucyduck,NOVOTE
bhany,NOVOTE
sa130r,GROW
censored_username,GROW
sylph19,NOVOTE
TrumpsShortFingers,GROW
Virulous,GROW
freakidz,NOVOTE
kevin7899,GROW
KuPrlitsGo,GROW
jmac,GROW
DoctorMeh,GROW
ogremouse,GROW
soKukunel,NOVOTE
prikikorv,NOVOTE
Wizard_Of_Gwc,GROW
mikeman10001,NOVOTE
Sacred_Geometry,NOVOTE
mkicon,STAY
Dus10_,GROW
fluexis,GROW
Cohezion,GROW
lap35,NOVOTE
RealPresidentObama,GROW
saerax,GROW
betazoidberg,GROW
MrBill1999,NOVOTE
notaleclively,NOVOTE
MajeekRorschach,NOVOTE
T17prophet,GROW
Fedge,NOVOTE
mypasswordisherpes,GROW
hdt80,NOVOTE
misscalculates,GROW
psykoticSerenity,NOVOTE
jhgfx,GROW
TheClenchedRectum,GROW
Doctorgonzo10,NOVOTE
narwhal_baconing,NOVOTE
thenewsisalie,GROW
Duramaximizer,GROW
JarJarBlinked,GROW
calibrationed,STAY
bluerover21,GROW
river58,GROW
BFKelleher,GROW
HolyDekuTree,NOVOTE
EliQuince,GROW
lego-banana,GROW
imakeupwords,GROW
Kadmos,STAY
gisikw,GROW
MonsieurPineapple,GROW
Glorious_Robin_Alt,NOVOTE
aeluiseo,STAY
mathff3141,NOVOTE
Cliffhanger-And-The_,GROW
googlin,GROW
oindividuo,GROW
AnimalTreasures,GROW
iWearThePantsHere,NOVOTE
teemaa,NOVOTE
DOHMIS,NOVOTE
spacebulb,NOVOTE
SpiritNFlesh,GROW
somefish254,NOVOTE
I_REMEMBER_ROBIN,GROW
ArmyDude956,NOVOTE
Harryofotter,GROW
benwaffle,GROW
Avacynahiri,NOVOTE
Batman2yoRobin,STAY
Rhysbeast,NOVOTE
janeylicious,NOVOTE
pie3636,STAY
makoto_phoenix,GROW
kurovaElizabeth,GROW
SpiritAcid,NOVOTE
YearOfTheChipmunk,GROW
GO_TRADE_MEN,NOVOTE
NicInTime,GROW
hot_lil_girl,NOVOTE
K4dmonV,GROW
FrankZappa174,GROW
fatherstorm10,NOVOTE
bws88,GROW
hillbillypolenta,GROW
CPH88,NOVOTE
grapecoffee,GROW
TurdDiggler,GROW
m4ke,GROW
skizfrenik_syco,GROW
georgehotelling,NOVOTE
Pyraete,GROW
Grega216,GROW
Retorhic,NOVOTE
_not_a_bot,NOVOTE
Blatantly_Absurd,GROW
notthemindprobe,STAY
ieatyou1,GROW
Fulaxi,GROW
Ugleh,GROW
GrowAlt_01,GROW
SHIT_OUT_MY_DICKHOLE,GROW
TimePastLate,GROW
bandaid21,GROW
Frothers,NOVOTE
Nukem88,GROW
chrisrico,STAY
Knoblest,NOVOTE
Trevlar,NOVOTE
Jose_Padillez,GROW
kelseykelsey4,NOVOTE
monkeypunto,GROW
Adobz,GROW
ejgrgunner,GROW
Thomas-Bangalter,NOVOTE
robbleton,GROW
notmelol,GROW
Infield_Fly,GROW
YetAnotherRobinAlt,GROW
querencia-,NOVOTE
chewy_mcchewster,GROW
vogeltjes,NOVOTE
Foxxy_fox,GROW
monguini,GROW
igoogleforaliving,STAY
Kapplar,GROW
---_-___,GROW
sven0341,NOVOTE
Linkynet,NOVOTE
IfJesusThrew,GROW
xlnc14,NOVOTE
shouldiplaythegame,GROW
curiosssity,GROW
disgusted_quiche,GROW
TheEndermanMan,GROW
Alek_12,GROW
dutner2000,GROW
Pwnxor,GROW
alteredlikeness,NOVOTE
T17Robinator,GROW
cscanlin,NOVOTE
bikeracer4487,NOVOTE
Fuldgriaxer,NOVOTE
DTLAgirl,GROW
morphineofmine,NOVOTE
ROBIN_THE_GREAT,GROW
HattoriHanzo,NOVOTE
The_Gooner,GROW
Tantumonium,NOVOTE
Akaz0ra,GROW
Yourk3Et,STAY
itsnotmoomin,GROW
Ravendorr,GROW
baby_kitty_go_meow,NOVOTE
McPluffel,GROW
surebutwhy,GROW
Mikeru94,GROW
TehMooMoo,GROW
yourfeetstoobig,STAY
I_Xertz_Tittynopes,GROW
jerk_me_off_sis,STAY
Fetuspuncher13,NOVOTE
Steelcitymetal,NOVOTE
tommeke,NOVOTE
MisterGreyMatter,NOVOTE
Mantipath,GROW
Dragonseye32,NOVOTE
dirtyrottenrascal,NOVOTE
Pendleton_Werd,GROW
cheeperz,STAY
Toastedboats-,GROW
Rexev,GROW
lavixcanvas,GROW
CryptoCo,GROW
backstroke619,GROW
Eat_The_Muffin,NOVOTE
TevretFikfik,NOVOTE
luckyluckycat,GROW
dlr1909,GROW
GunkyEnigma,NOVOTE
Ayinope,NOVOTE
bdh2,GROW
IncomingAnvil,NOVOTE
gusanus,NOVOTE
gxbrenayup,GROW
red000,GROW
slaaxy,GROW
jopster,STAY
DinoRocksor,NOVOTE
campag,GROW
just_grow_robin,GROW
furia_se,GROW
yolo-swaggot,NOVOTE
makgendeng,NOVOTE
icedbeer,STAY
kaphe,NOVOTE
matty3f,GROW
anydayhappyday,NOVOTE
happyhippopotami,GROW
ASexyPseudonym,GROW
baeumli,GROW
kebav,GROW
everyrose614,NOVOTE
Ryalane,GROW
raheemopk,GROW
Pandahorse,NOVOTE
mechanicaljustin,NOVOTE
typogrammer,GROW
Hi-Dad-I-am-son,NOVOTE
Ape3000,NOVOTE
TheTeaIsNotPoisonous,GROW
RedRoronoa,STAY
Marrk,NOVOTE
wubblewobble,NOVOTE
iamkeisers,GROW
dracoling,GROW
ichbinsisyphos,NOVOTE
charizade,NOVOTE
germanch,GROW
TheCurlyGamer,NOVOTE
sheerun,GROW
Drakia,NOVOTE
MothershipV,GROW
Eriochroming,NOVOTE
klubnick,GROW
bonosgirl,GROW
AnonymityAct,NOVOTE
TallShortGuy,NOVOTE
Throwaway192321,GROW
llikeafoxx,GROW
the_umm_guy,GROW
JoelMontgomery,GROW
GrowAlt_02,GROW
briandickens,NOVOTE
FeelsLike93,GROW
gangst,NOVOTE
FatDabsIsGod,NOVOTE
SuggestiveFortune,NOVOTE
CultApothecary,GROW
pleasecheckit,GROW
DO_IT_FOR_THE_ROBIN3,GROW
PadawanJuriste,GROW
germansamurai16,GROW
MarsLumograph,NOVOTE
JeremyQ,GROW
JMV290,NOVOTE
b25mitch,NOVOTE
GemsChen,STAY
2cute2be4gotten,NOVOTE
hederaleaf,GROW
nckb,GROW
Its_the_clap,GROW
jawdisorder,NOVOTE
Smcmax,GROW
CordedForks,GROW
4west3,GROW
tardytotheparty,NOVOTE
AyeGee,GROW
fourontheflower,NOVOTE
Somnacin7,NOVOTE
fuckbecauseican5,NOVOTE
gr33nG3nt,GROW
TIER15LADS,NOVOTE
jake_songale,STAY
Boo1098,NOVOTE
babtras,NOVOTE
rollunder,GROW
Delgatin,GROW
parrotdude,GROW
I_Litch_Swetters,GROW
HiddenMafia,GROW
gandalfk,NOVOTE
giantrobotq,GROW
MindCluster,NOVOTE
Culpritss,GROW
Toobis,NOVOTE
Spare_account1,NOVOTE
solar-powered-potato,GROW
Himekat,GROW
uffzuch,STAY
brianv115,GROW
Bjorn_Bjornson,NOVOTE
capitalsigma,NOVOTE
Upvote_Banana,GROW
pomosexuality,GROW
LongLostSanity,GROW
KNetwalker,GROW
Crorem,NOVOTE
BlackBackpacks,NOVOTE
KINGDOM_OF_TRIVIA,GROW
Rennocc,NOVOTE
-NaBa-,GROW
pokamonmasta,NOVOTE
PanaceaPlacebo,GROW
iaueo,STAY
ihoq,NOVOTE
krk_ka_baap,GROW
abd14,GROW
TheRedCow,GROW
-dib-,NOVOTE
inhonoululu,STAY
Padillez_Jose,NOVOTE
ipponiac,GROW
megabytefisher,ABANDON
LagAttack89,GROW
Spartan-Pie,GROW
stabs_a_lot,NOVOTE
Kanshan,NOVOTE
HandsOfCobalt,STAY
fromthe718,GROW
omgidontcare,GROW
WALFRED_WANGUS,GROW
extremx,GROW
OswaldZeid,GROW
greentoiletpaper,NOVOTE
fedorg,STAY
Liesss,NOVOTE
RobinRonin,GROW
spanac99,GROW
workaccount415,GROW
ThereMightBeDinos,NOVOTE
iac74205,NOVOTE
sissyfuktoy,GROW
sndrsk,GROW
Wandering_Lemons,GROW
JustBeingDylan,GROW
Zillcaytr,NOVOTE
ensendarie,NOVOTE
TooFastTim,NOVOTE
ThisIsHopper,GROW
guns21111,NOVOTE
TheSoftwareDev,GROW
emperri,NOVOTE
qwell,STAY
Jellyka,STAY
Tyburius,GROW
SingingInThePain,GROW
jondthompson,NOVOTE
thepopcornator,STAY
Sinzah,GROW
xterraadam,GROW
hockeytshirt,GROW
inphuse,NOVOTE
saorsea,GROW
Rukkia,NOVOTE
utopic2,NOVOTE
jimothyjim,GROW
Delitra,GROW
letotwo,GROW
FtDLulz,NOVOTE
omnigrok,GROW
Wasp444,NOVOTE
ParsleyMath,GROW
Cianvw,GROW
elementcarbon12,NOVOTE
keteymphorta,GROW
mannyrmz123,NOVOTE
gelframe,GROW
Metrospector,GROW
suha_amin_saleh,GROW
Root_Guy,GROW
elaboratexplanation,NOVOTE
Use_Claritin,GROW
AHemlockslie,NOVOTE
fibonuggie,STAY
Scotty_Shines,NOVOTE
PaddyTool12,NOVOTE
A_valid_one,GROW
IAmALostEnt,NOVOTE
94160,NOVOTE
blacklotus90,NOVOTE
SureThingBabe,GROW
Tie_Died_Lip_Sync,GROW
RobinAlt123,GROW
SplinteZz,GROW
ditchfieldcaleb,NOVOTE
Brynden_Rivers_Esq,GROW
enmariushansen,GROW
we_need_to_grow,GROW
powerlan,GROW
jesseaknight,GROW
AlphaGoldFrog,GROW
robinAlt1,GROW
Ravenjade,NOVOTE
jamie79512,NOVOTE
terbeaux,NOVOTE
grapjasper,GROW
SasquatchEatsKittens,GROW
quasar32,STAY
TheAusus,GROW
rubberducksinvade,GROW
skyweb,GROW
alonsocsmn,GROW
toast333,GROW
sadalex77,GROW
Mistahmilla,NOVOTE
hensandchicas,STAY
Niamrej_3,NOVOTE
JojoRainbow,NOVOTE
joeblowsfresh,NOVOTE
StrugglingSquid,GROW
LePoneyRouge,NOVOTE
fqua,NOVOTE
reviling,NOVOTE
MimesAreShite,GROW
aklreaxmer,NOVOTE
Da1King,GROW
ForeskinMittens,GROW
casey27,GROW
robinBot-v2,GROW
aydenvis,GROW
Glaiel-Gamer,STAY
nameproblem,GROW
Wraeyth,GROW
homesnatch,GROW
Noorrsken,STAY
NinTheFolf,NOVOTE
FaultyFloorboard,NOVOTE
moist_hat,GROW
DenizenEvil,NOVOTE
hiddeninapandasuit,GROW
StormyJet,NOVOTE
Nick4753,STAY
TheRedPlanet,NOVOTE
DumbDownDog,STAY
i_wonder_as_i_wander,GROW
noremac113,GROW
platinumscr0tum,NOVOTE
Qalypso,GROW
spiderdadfusion,GROW
MetternichMarck,GROW
_Wisely_,NOVOTE
ajehals,GROW
dreamweavur,GROW
helpmehelpmeHELPMEEE,NOVOTE
Drdoozies,NOVOTE
Lumivian,GROW
1_10_100,GROW
TheFoilman,GROW
jiggydude,GROW
KrizAG,NOVOTE
incaseanyonecared,NOVOTE
JadeE1024,GROW
OtherAccountsAccount,GROW
divinebear,STAY
bedofgoatturds,GROW
Vilhjalmsson,GROW
Amylovespizza,NOVOTE
ftgbhs,GROW
PitchforkEmporium,GROW
anman20,NOVOTE
FoxxMD,GROW
rndmwhitekid,GROW
dingus_twart,GROW
darklordbean,STAY
Imonfiyah,GROW
Skruffs404,NOVOTE
HalfEatenPie,NOVOTE
chibot,NOVOTE
minispoon,GROW
Dinosour,GROW
ManlyString,NOVOTE
cmays90,NOVOTE
Apple_Sauce_Junk,NOVOTE
chadridesabike,NOVOTE
jusfuccin10,GROW
paranoideo,GROW
Butt_Holmes,GROW
MapleSugary,GROW
Robot_Girlfriend,GROW
ranger910,NOVOTE
NitsujTPU,NOVOTE
Anonymous2869,GROW
ProjectShamrock,GROW
Kvetta,GROW
vibrant_pastel,GROW
-dlb-,STAY
right_hand_left_wing,NOVOTE
costanza-dot-jpg,GROW
orb360,GROW
Anonymous9002,GROW
tryme1029,NOVOTE
novvva,GROW
FrozenArtist,GROW
Candlematt,NOVOTE
shiningmidnight,GROW
TehChazz,NOVOTE
Flobernogets,GROW
RedRobin-1,GROW
RidetheWaveto17,STAY
tarthim,GROW
Arconn,GROW
LiggyRide,NOVOTE
whosthat,GROW
uwbecks,NOVOTE
sinceifoundserenity_,GROW
Sincerus,NOVOTE
nonfish,GROW
thesmellofcordite,NOVOTE
smoknjokntokn,NOVOTE
96P,NOVOTE
-klassy-,GROW
Broken-Jinxie,GROW
PM_ME_DINO_SEX,NOVOTE
doxob,GROW
Skylorn,GROW
ImNotTheZodiacKiller,NOVOTE
PixelManagement,GROW
Yooone,NOVOTE
18188,GROW
Maurice_M0ss,GROW
nevek,NOVOTE
only-emoji,GROW
musicman0326,STAY
SofaAssassin,GROW
Nex_Ultor,STAY
striderxgp,GROW
AllegraJohnson,STAY
Fox--Kit,GROW
robinBot-v1,NOVOTE
PmMeFanFic,NOVOTE
dickcentric,GROW
ActionAxiom,NOVOTE
yumineko,NOVOTE
mikeyshupe,GROW
Jupichan,NOVOTE
Jones_Is_Bad_Ass,GROW
TheRealJefe,GROW
dobradusatvoja,GROW
Mercarcher,NOVOTE
pedter,NOVOTE
Mewo47,GROW
calle,NOVOTE
XMooseThrowaway,NOVOTE
strousoup,GROW
NUCLEAR_HERO,NOVOTE
ackwell,NOVOTE
VrCovers,STAY
petamenos,GROW
Drennor,GROW
maxbud06,GROW
PM_ME_UR_BOIPUSSY,NOVOTE
eyahe,NOVOTE
cherrychalk,NOVOTE
pivotraze,GROW
Triddy,NOVOTE
koyapres,NOVOTE
Not_Me_I_Said,GROW
CrazyAC,NOVOTE
spacescapes,GROW
RocknRollGlue,NOVOTE
robin_egg_bot_00,GROW
SmokehTheBear,GROW
MathGeek3141,NOVOTE
yellowscissors,GROW
IAMBECOMECAT,GROW
inventionsloth,GROW
nolo_me,GROW
pm_me_amatuers,NOVOTE
AlternativelyPostTo,GROW
LnxTx,NOVOTE
gid0ze,GROW
Groad,GROW
krewetka,STAY
belk,NOVOTE
3MZBM1,GROW
Waldma,NOVOTE
IceDusk,GROW
OingoBoingofan,NOVOTE
Yoo_,NOVOTE
domweir,GROW
wasdwarrior,NOVOTE
twotown,NOVOTE
anonymous_husband,GROW
tropii,NOVOTE
avidday,GROW
Chr12t0pher,STAY
SARAHPALlN,NOVOTE
Saelyn,NOVOTE
swayzak,NOVOTE
limbicslush,GROW
ScootyPuffJunior,NOVOTE
kitsunevremya,NOVOTE
Mylon,NOVOTE
Kraent,NOVOTE
Bananamananapana,NOVOTE
kwehm,NOVOTE
alloctone,STAY
MrDent,GROW
greenlight227,GROW
USSecretary_NotSure,GROW
Star_Cult,GROW
Raistlen007,NOVOTE
westShaft,GROW
stupidaccforskylar,GROW
Goliathus123,NOVOTE
Bobguy77,GROW
cdr3000,GROW
tbsports2,GROW
yolios_c,NOVOTE
W7SP3,GROW
Hint_of_Lime,NOVOTE
frozenfire06,GROW
zocke1r,NOVOTE
10_9_,GROW
inceptionx,NOVOTE
Iwidh,NOVOTE
killerdogice,GROW
kotjze,NOVOTE
int_he,GROW
Foehton,GROW
TOBYRONE,GROW
Silent-G,NOVOTE
whiztech,NOVOTE
th3PeNgU1NoFd00m,NOVOTE
oaieu,STAY
spanac98,GROW
20160401,GROW
jon_with_no_h,GROW
hyperhopper,GROW
0x1027,NOVOTE
SirDodex,NOVOTE
AlexInPDX,NOVOTE
VIOLET_MAN,GROW
Browsing_From_Work,NOVOTE
BabelFishAndCustard,GROW
Wanderfool,GROW
WindowsPotato,GROW
ryansdownysister,NOVOTE
0b607a,NOVOTE
imisscrazylenny,GROW
Pur3kill3d,NOVOTE
TqpU,GROW
moonisland2,NOVOTE
ThatOtherBatman,GROW
towelover,GROW
fliptrik,GROW
404NinjaNotLost,NOVOTE
Bloo-Toof,GROW
kic27,GROW
Gman1012,GROW
Manchmal01,GROW
Arraaan,NOVOTE
TheRealBWitz,GROW
alt_344,GROW
yewnidan,NOVOTE
pegbiter,NOVOTE
spudowiar,GROW
The_crew,GROW
oTHEWHITERABBIT,STAY
disclosed,GROW
Xiexe,NOVOTE
ballinwithstalin97,GROW
yalladavai,NOVOTE
DesTeck,NOVOTE
warpnineengage,GROW
gielbier,NOVOTE
Xorlev,GROW
ANameNearlyLongEnoug,NOVOTE
traf12,GROW
1ExplosiveTaco,STAY
AndHeWas,GROW
Run_Biden,GROW
Peter_File,NOVOTE
cheetodome,NOVOTE
Round_halo,GROW
The_Pod,NOVOTE
Hawkwings77,GROW
-d1b-,STAY
WJKay,NOVOTE
-alice,GROW
OctoDucky,NOVOTE
lickmygiggle,NOVOTE
Xantosuex,GROW
die247,NOVOTE
ASK_ME_ABOUT_FINIT,NOVOTE
jazzelhawk,GROW
PM_STEAM_KEYS_TO_ME,NOVOTE
TheAngryAlt,GROW
Boxtape,GROW
__apollo_,NOVOTE
amanforallsaisons,GROW
Tezla55,STAY
WayOfTheShitlord,NOVOTE
vlees,NOVOTE
ripkif318,GROW
NinjaMom728,GROW
Lucifer_on_steroids,GROW
robin-rpg,NOVOTE
HBWPSG,NOVOTE
ikeepdeletingmyacct,GROW
MPuddin,GROW
RobobutlerMMXV,GROW
RyanSkidmore,GROW
Scolor,GROW
harrienstyling,GROW
heauxmeaux,GROW
wave100,NOVOTE
DerpDargon,GROW
DTFuture,GROW
Jay_T_Doggzone,GROW
RagingOrangutan,GROW
springtide,NOVOTE
Aloogy,GROW
LardBawb,STAY
r0tund,NOVOTE
Grow_dis_bitch,NOVOTE
RedRobin-2,GROW
Coconutsales,GROW
idunnomyusername,NOVOTE
MsBluffy,GROW
jabertsohn,STAY
ifnord,NOVOTE
hoadlck,NOVOTE
T17_IS_INEVITABLE,NOVOTE
ofpeaceandmagic,GROW
Nuclear_Zebra,NOVOTE
soaring-turtle,NOVOTE
RobinAlt,GROW
PVP_in_your_pants,NOVOTE
ceruleanknight,GROW
ImZelkova,STAY
nugget_cat_legs,GROW
HIPHOPAFRICA,GROW
iplanckperiodically,GROW
R-EDDIT,GROW
Frogalicious,GROW
dancetothis,NOVOTE
Pandanym,NOVOTE
RobinPusher,GROW
Targulon,GROW
thStOP-Mithgo,GROW
xhable,GROW
zomzolem,GROW
TheDoctorOfBeach,GROW
OminousPattern,GROW
anokrs,NOVOTE
saruwatarikooji,NOVOTE
VaultBoy3,NOVOTE
jennaflores,GROW
theillrequited,GROW
Ceolanmc,NOVOTE
vet_to_fed,GROW
WarioKart,GROW
Working_as_always,GROW
sanalalemci,GROW
Hakim_Slackin,NOVOTE
EmosewAsnoitseuQ,NOVOTE
StumpyMcStump,NOVOTE
1_10_100_1000,GROW
xpg,GROW
stephenb,STAY
SavageRedditive,GROW
_bobby_tables_,NOVOTE
random_canadian,GROW
iauoe,STAY
Apple_Crumble_,GROW
stormagnet_,NOVOTE
ricin,GROW
dainty_flower,NOVOTE
Rasugi,NOVOTE
SS57,NOVOTE
SuperNovaAO,NOVOTE
PM_ME_KITTENS_PLEASE,NOVOTE
jchen91,GROW
Chrysanthea,GROW
spiffitz,GROW
RobinAltDEF,GROW
Hoobleh,NOVOTE
DPRKSecretPolice,GROW
NSYK,NOVOTE
Tex_Bootois,NOVOTE
Ballerup,NOVOTE
irate314rate,GROW
PunyCheese,GROW
KarmasAHarshMistress,GROW
Retrokid,GROW
BobTheTomato9798,GROW
lezed,NOVOTE
hyperOX,GROW
abobu,GROW
idleman3,GROW
NaturalLogofOne,STAY
Chekonjak,NOVOTE
RatchetChavez,GROW
cdos93,GROW
fforde,GROW
assholeamoley,GROW
Zyx750,GROW
Prevailing,GROW
zombiegrl,GROW
beelzeburger,GROW
evgeniuz,GROW
angafirith,NOVOTE
alisonvunderland,GROW
Nexxpresso,GROW
Shovlo,GROW
isdnpro,GROW
shelbon22,NOVOTE
FatherStorm11,NOVOTE
intawsomenary,GROW
allnutsonboard,GROW
252P,NOVOTE
omgwtfiswrongwithyou,GROW
Waogamer,NOVOTE
gonewildbirdie,GROW
PM_ME_YOUR_DATSUN,NOVOTE
Kirinyx,GROW
OverlordOfTech,GROW
tonsofun44,NOVOTE
el_LOU,STAY
lolozauru,GROW
excelnooob,GROW
dzt,GROW
programo,NOVOTE
Peduntic,NOVOTE
TintedGrey,NOVOTE
JeanLucPicorg,GROW
canwhatyoudo,GROW
fourtown,NOVOTE
mostlyjessica,GROW
gtmanfred,GROW
Albino_Jackets,GROW
Bliss266,GROW
coffeebeans10,NOVOTE
sadsturbator,GROW
AppleBerryPoo,NOVOTE
Oicurts,GROW
NoPity,NOVOTE
CptSalsa,GROW
RogueVG,NOVOTE
NoPowerSteering,GROW
dmak922,GROW
XYrZbest,GROW
wisdominaforest,NOVOTE
firekissed,GROW
j505050,GROW
Pingryada,GROW
karanlyons,NOVOTE
Auquilius,GROW
brokengolem,NOVOTE
UpholsteryLord,GROW
schoeggu3,GROW
Kawaii_Goddess,NOVOTE
SkewFighters,NOVOTE
CaptainPatent,GROW
starnixgod,NOVOTE
captinslog,GROW
maxifer,NOVOTE
Th3LawnGnom3,NOVOTE
lupokoyuna,STAY
GeneralButts,NOVOTE
BonerSaladWasTaken,NOVOTE
sceeder,GROW
_mp127,GROW
TheBear88,GROW
what-isaname,NOVOTE
theillrequitedNSFW,GROW
The_Other_Zac,NOVOTE
dr_oca,GROW
__cmp__,GROW
Winderps,GROW
Clubspeed,NOVOTE
splicere,NOVOTE
CorruptedFiles,GROW
colbyisyourhomie,NOVOTE
kitefrog,NOVOTE
wckdjugallo,NOVOTE
Miyrax,NOVOTE
KStreetFighter2,GROW
Daerthe,NOVOTE
hngg,GROW
Sunneh,GROW
epicbanhammer,GROW
NoahYodur,GROW
PoorlyDrawnPhallus,GROW
sininmyheart,NOVOTE
Steelseoul,NOVOTE
candylifter,GROW
w3nglish,GROW
RunWarrenRun,GROW
daesudalus,NOVOTE
RobinAlt314,GROW
Rokuraan,NOVOTE
kevpo,NOVOTE
VerkooptEenCamera,GROW
joeyo1027,NOVOTE
Robocope7,NOVOTE
mattman42,GROW
Hairy_The_Spider,NOVOTE
SaturdaysKids,GROW
iowegian4,GROW
cmiz87,GROW
kirelagin,GROW
warmarrer,GROW
BradyMead,NOVOTE
BeCO3,NOVOTE
rsquared117,NOVOTE
UnibannedY,NOVOTE
PlazzmiK,NOVOTE
moarmare,STAY
drabjeep00,NOVOTE
bubbasaurus,GROW
lolnoob1459,NOVOTE
writeyourownsong,GROW
Daskichan,GROW
DavidHJ,NOVOTE
im_enalid,NOVOTE
hendusoone,STAY
SeleneVomerSV,GROW
theyre_all_dead_Dave,GROW
ninjafiveo5,GROW
lightbrunch,GROW
Rex__Banner,NOVOTE
calciumcitrate,GROW
AllTheWayTo17,GROW
DogDaYort,GROW
too_toked,GROW
lewisncream,NOVOTE
MrPlow1999,NOVOTE
Bockage,STAY
