sotricious,GROW
KuKKilicious,GROW
fimion,GROW
kunibob,GROW
ShadowNoteP,GROW
leroeq,GROW
IBelieveAllTheThings,GROW
lightstridr,GROW
Gtx780ti,GROW
Muchashca,GROW
ForgetfulDoryFish,GROW
gentaruman,GROW
nayrev,GROW
smilodon142,GROW
wtmh,GROW
Mainova,GROW
zeeba_neighba,GROW
ryanvango,GROW
OPNineteen,GROW
IguanaBite,GROW
mahatmabrondi,GROW
nigglet,GROW
Shaggy158,GROW
ande_,GROW
pheexx,GROW
tehrage,GROW
murkymouse,GROW
alistairjh,GROW
hotokokotoh,GROW
k_princess,GROW
thesummerofgeorge,GROW
ComputerWoman,GROW
Urano_Metria,GROW
pndaa_,GROW
ThatWelshman,GROW
zzleeper,GROW
piekka,GROW
MindcrackOrBust,GROW
kyoflow16,GROW
lost_penguin,GROW
Jjjsixsix,GROW
Henry132,GROW
Cats_n_Porn,GROW
MrJakeish,GROW
triad203,GROW
Silveress_Golden,GROW
unlucky__,GROW
Lake_YS,GROW
-eDgAR-,GROW
az4521,GROW
Pokez,GROW
flubbernuggets101,GROW
jeffsih,GROW
lil_hot_girl,GROW
jppdan,GROW
beelzeburger,GROW
TehEpicSaudiGuy,GROW
drT18,GROW
Kingofzion,GROW
lordseverus,GROW
doofsmack,GROW
Confuzet,GROW
AgentRipley,GROW
Insomnikal,GROW
TheOneTrueRobin,GROW
kiwikee,GROW
powerofthepickle,GROW
SomeMultiwagon,GROW
MrBabalafe,GROW
geveck,GROW
Otaku23,GROW
HeroesGrave,GROW
TheSpoom,GROW
GhostlyPixel,GROW
1_10_100_1000_10000,GROW
DJMSilver,GROW
RedRobin-3,GROW
Clouded_Hue,GROW
radialtactivated,GROW
madmax_410,GROW
IAmZelph,GROW
uaeoi,GROW
misopogonist,GROW
emman31,GROW
Tishlin,GROW
TheCodifier,GROW
RoliSoft,GROW
deucemob,GROW
NothAU,GROW
tmccoy920,GROW
robin_ALT,GROW
asianshazbot,GROW
notyourbrah,GROW
DiamondFluxify,GROW
9_7,GROW
Averssem,GROW
gcready,GROW
CadillacOn22s,GROW
ZackAttack14,GROW
matareyes,GROW
SweetButtsHellaBab,GROW
Ragtagbag,GROW
malebound,GROW
xen6,GROW
bloons3,GROW
thisisforyousoKuku,GROW
Ongman,GROW
Cybernatty,GROW
Snuupy,GROW
aocnath,GROW
SleepyPrat,GROW
drumstikka,GROW
dabills22,GROW
jasa159,GROW
PederG,GROW
PM_ME_WORDLY_WISDOMS,GROW
CrassHoppr,GROW
highlander24,GROW
govindg,GROW
PM_ME_UR_KNEES_PLS,GROW
TheseAreNotTheDroids,GROW
bluecube22,GROW
Wulfsta,GROW
Vusys,GROW
AlwaysPuppies,GROW
ITGaTat,GROW
Extremuss,GROW
falthazar,GROW
greenearrow,GROW
rimbas4,GROW
agaffchanted,GROW
InMidFap,GROW
SoftCow,GROW
ribs415,GROW
InfinityEnderman,GROW
sonthanhtran,GROW
Crosssmurf,GROW
onlytoask,GROW
If_You_Only_Knew,GROW
rabbitz,GROW
dipotassium,GROW
Rockmanll,GROW
CSixHSix,GROW
tauchw,GROW
Skyhooks,GROW
lurkielurker,GROW
eithel,GROW
Zapdogre,GROW
buddy_levi,GROW
rookie_e,GROW
_Bandza,GROW
inkblob,GROW
STLCajun,GROW
l104693,GROW
OllieTerrance,GROW
razvi9,GROW
good2goo,GROW
Chartis,GROW
GeneralMayhemWY,GROW
itriedsorry,GROW
lolmycat,GROW
Liquid-Fire,GROW
HIGHENERGYMerchant,GROW
GetXyzzyWithIt,GROW
kingkuya777,GROW
california_cop,GROW
David_B55,GROW
SharpKeyCard,GROW
pie3636,GROW
Lord_Renwod,GROW
cpu0,GROW
Scribble_Hog,GROW
novelty_nsfw_account,GROW
Star_Cult,GROW
cunty_nipples,GROW
KerbalSpaceExplorer,GROW
tossawaykkk,GROW
tallbeardedkid,GROW
Captskepy,GROW
stefano213,GROW
Ghoshya,GROW
OpBeta,GROW
taalmahret,GROW
ProfessorClayton,GROW
corgski,GROW
prince_polka,GROW
Ascendong,GROW
lauramarsipan,GROW
trogdor1991,GROW
ThreeMagi,GROW
micaiah,GROW
highenergycompound,GROW
odyss3y,GROW
loxias44,GROW
Tuvior,GROW
gene_wood,GROW
DustyBigGun,GROW
screamcheese,GROW
unvira,GROW
Wryjoy,GROW
DoIt2It,GROW
Trouble1122,GROW
nielsbohr,GROW
ParagonalDuck,GROW
jmo99,GROW
PraetorFaethor,GROW
yellowmix,GROW
allthealtoids,GROW
Moooooooooon,GROW
fzh,GROW
kingjeff,GROW
dp_ob,GROW
skyank,GROW
THESnowman191,GROW
rs10rs10,GROW
A_Monolith,GROW
Kvetta,GROW
PeregrineBase,GROW
redskub,GROW
Jarunik,GROW
moist_undergarments,GROW
rangda,GROW
MarzipanCraft,GROW
Saint_of_Grey,GROW
snollygolly,GROW
aeluiseo,GROW
ochenk,GROW
Lrdwhyt,GROW
boxdreper,GROW
Realityle,GROW
Liferuler,GROW
TheIdeaOfLight,GROW
Marrtii,GROW
XAssumption,GROW
Gummy_Joe,GROW
Ryalane,GROW
RMutah,GROW
AleksThePotato,GROW
Vnwd_Zmb,GROW
lacheur42,GROW
bringmecorn,GROW
KopiJahe,GROW
Broken-Jinxie,GROW
fuzzthegreat,GROW
z91x,GROW
osvii,GROW
noscreamsnoshouts,GROW
Tobs74,GROW
Viperavirus,GROW
Skorchmarks,GROW
cafaxo,GROW
tangobravoyankee,GROW
UTubeCommentRefugee,GROW
CheeseDrink,GROW
jw12321,GROW
voltaek,GROW
synth3tk,GROW
Yobergenie,GROW
buckX,GROW
cr08,GROW
YoungBrand,GROW
Dongsquad420BlazeIt,GROW
azoq,GROW
ilove42,GROW
kiledos,GROW
AirBlaze,GROW
OwenTheTyley,GROW
Mergoch,GROW
NeayHey,GROW
dalkor,GROW
Sumwann,GROW
JJakc,GROW
mitosan,GROW
buck614,GROW
Eric_Fairworth,GROW
onetown,GROW
Kamikaze28,GROW
CUTE_KITTENS,GROW
kadaan,GROW
Socksauna,GROW
SlimeKnight40,GROW
thousandfaced4,GROW
gee842,GROW
xSke,GROW
AssKrackBandit,GROW
Grizzly_Storm,GROW
I_Suck_,GROW
spyhermit,GROW
Aellus,GROW
tgb1995,GROW
lonnez,GROW
sugarplumcow,GROW
snert_blergen,GROW
wheelietime,GROW
Stoge,GROW
jellybellylint,GROW
Xestrix,GROW
Zulgrath,GROW
loogit,GROW
thePrecision,GROW
ignarps,GROW
WonkyTelescope,GROW
Oreoshake,GROW
oo0Hijikata0oo,GROW
menotiko,GROW
huzzarisme,GROW
MrBob1999,GROW
Catsor3,GROW
flex0,GROW
didthepresidentcall,GROW
pancake-breakfast,GROW
northadam15,GROW
phobiac,GROW
-null-,GROW
3506,GROW
PrettyNeatPerson,GROW
RollOneD20,GROW
Discipulum,GROW
Alasforpikachu,GROW
CramerJay,GROW
glukosio,GROW
sodafat,GROW
ellisdeez,GROW
silviot,GROW
Kazehaya,GROW
galinmd,GROW
Asraelite,GROW
thurstfregnojiji,GROW
eudaemonatrix,GROW
magiconner,GROW
gatorbearr,GROW
ZCham,GROW
lonesome_polecat,GROW
ugster_,GROW
a5yrold,GROW
Lulzorrr,GROW
fawkesmulder,GROW
IGotWorms23,GROW
Tewix,GROW
lackofabettername,GROW
QuackBlack,GROW
larperdoodle,GROW
PLKLUPU,GROW
iliveintheinternet,GROW
nimajneb,GROW
walksintowalls,GROW
unAWARE777,GROW
Sholvo,GROW
the_only_faggot,GROW
Queue-tips,GROW
Yenwodyah_,GROW
wafedo,GROW
Derpachus,GROW
PM_ME_ONLY_1_BOOB,GROW
barnum,GROW
cbarn360,GROW
DogIsGod1,GROW
rushingkar,GROW
Wiiplay123,GROW
Xelrd,GROW
rian294,GROW
YSFish,GROW
Eric-TD,GROW
JoacoIB,GROW
rollunder,GROW
Avoch,GROW
mi-16evil,GROW
t3hattack,GROW
maschlue,GROW
preggit,GROW
zekzuka,GROW
Jihou,GROW
christopher_robin_,GROW
lopsoffear,GROW
spitzrun,GROW
Zileto,GROW
enricobacis,GROW
Andrew813,GROW
finallyinteresting12,GROW
cronoburr,GROW
The51Cents,GROW
jacobdwoolf,GROW
jschip,GROW
ReverendDexter,GROW
aleger,GROW
WindowsPotato,GROW
jaarons,GROW
worryunfolded,GROW
patoente,GROW
Ruruskadoo,GROW
vineman,GROW
Mazdoff,GROW
jollywalrus9,GROW
bdjohn06,GROW
th4t_0n3_dud3,GROW
inio,GROW
MammothCheese,GROW
Matteroinen,GROW
altlyboy,GROW
Inconclusively,GROW
a4qbfb,GROW
schoeggu2,GROW
GrowthForLife,GROW
hush-__-puppy,GROW
quantum_platypus,GROW
poofytoo,GROW
Enygmatik,GROW
n4noNuclei,GROW
thrwaaay,GROW
LarryAPhillips,GROW
the_idea_of,GROW
Misio,GROW
BleuNuit,GROW
alok0,GROW
sykotikkytten,GROW
snowburst,GROW
chewy_mcchewster,GROW
The_Whiz206,GROW
Mattmo831,GROW
Javrixx,GROW
drunkmall,GROW
crispy-owl,GROW
plantfacts,GROW
iotku,GROW
Awesomeali1,GROW
chancrescolex,GROW
neonerz,GROW
Sweet_Snag,GROW
stevebun,GROW
dunx3,GROW
Lolsmileyface13,GROW
Sarge0311,GROW
Jeff3210,GROW
lordelias,GROW
quixotiko,GROW
jondthompson,GROW
LovelyTurret,GROW
HosakaTyrellCorp,GROW
Left_Middle_Right,GROW
Unbelievr,GROW
zackandreweli,GROW
TxDieselKid,GROW
softwareAccount,GROW
G0ld3nG0d,GROW
Awhtreprenoober,GROW
SirEggman,GROW
karmarauder,GROW
SirNoms,GROW
jchiang,GROW
Lieto,GROW
catievogue,GROW
Vaynaa,GROW
Devastash0n,GROW
MegaZeus101,GROW
occamsdagger,GROW
ChateauLafite1827,GROW
_Jersey,GROW
perhund,GROW
MrTreazer,GROW
NaynHS,GROW
SenatorAstronomer,GROW
Chris3013,GROW
shiruken,GROW
Nesman64,GROW
PeterWhite88,GROW
one-in-world,GROW
chiisana,GROW
CaptainMeme,GROW
The_MAZZTer,GROW
slickkog,GROW
12crocdude,GROW
radiodemon,GROW
ChihuahuaCats,GROW
Naphial,GROW
carlysaurus,GROW
PrestigeJohnson,GROW
frcbot,GROW
haykam821,GROW
Chuwero,GROW
wood4536,GROW
geekykinkster,GROW
ijohno,GROW
Znuff,GROW
TheBurritoKing,GROW
cujo26,GROW
Enter_Revolution,GROW
SexySatan,GROW
geddy2112,GROW
ranterbach,GROW
stormboat,GROW
Draconius42,GROW
DwightHowardSucks,GROW
Coincidensil,GROW
SkaKri,GROW
meganukebmp,GROW
Hardrock3011,GROW
The_Blonde_Logger,GROW
necron,GROW
JohnMaddin,GROW
SomeCollegeBro,GROW
Little_Hurricane,GROW
DengarRebo,GROW
Syde80,GROW
MrThoughtPolice,GROW
FUCKYOU_SWAG,GROW
_86_,GROW
mong_gei_ta,GROW
campag,GROW
amicitas,GROW
bbctol,GROW
asasantana,GROW
PanRagon,GROW
bahaula,GROW
agoodusernameithink,GROW
TheOddScreen,GROW
C5H5N5O,GROW
GaryJohnson2016,GROW
thesbros,GROW
toering,GROW
adabut2468,GROW
norway-pine,GROW
mrfrightful,GROW
BitterVegan,GROW
fiftypoints,GROW
abrahamdrinkin,GROW
drumz0rz,GROW
nullvader,GROW
8ee60a,GROW
misguidedzombie,GROW
Jennygalaxy,GROW
dankmemesnosteelbeam,GROW
Honest_To_God,GROW
GLeD,GROW
bateller,GROW
bryan_young,GROW
Baron_Von_D,GROW
Kiwiter,GROW
captainryo,GROW
My_hairy_pussy,GROW
Ravenchant,GROW
robcoo,GROW
jmxd,GROW
quattrobro,GROW
Yummybearr,GROW
_Aurora_,GROW
FatherStorm,GROW
Snookerman,GROW
AyrA_ch,GROW
Robairt,GROW
FluffyBunnyIsFluffy,GROW
Uristqwerty,GROW
Laquox,GROW
PsykoDemun,GROW
novice_at_life,GROW
spoopidoods,GROW
TwatsThat,GROW
Ringbearer31,GROW
Vibrandt,GROW
king0fhearts14,GROW
Ibuprofen,GROW
cassant,GROW
AllegraJohnson,GROW
ParsleyMath,GROW
GlowWolf,GROW
-randomity-,GROW
take_a__CHANCE,GROW
pi-rat,GROW
TheUnsnappedCrowbar,GROW
brandvegn,GROW
Voyager316,GROW
metaSHODAN,GROW
hjb303,GROW
Andorion,GROW
Greywhirled,GROW
AWildAdultAppears,GROW
FreeDudeFreeFood,GROW
i_want_to_merge,GROW
rootmean,GROW
scoper,GROW
Buggymaster,GROW
gallets,GROW
acostoss,GROW
Chitinid,GROW
PhysicsHelp,GROW
Fagbutt6969,GROW
bavu,GROW
TheCountryoftheNo,GROW
yellow99,GROW
ntoc,GROW
DAT_GERMAN_GUY,GROW
HandsOfNod,GROW
itookyourpulse,GROW
Sylvester_Scott,GROW
Loser_Like_Me,GROW
lexicaleigh,GROW
wickedsun,GROW
p3rp,GROW
GalaxyMods,GROW
fallingsquirrel,GROW
hownowbrowncow6996,GROW
blockanton,GROW
onmyouza,GROW
slippy0,GROW
DarkBlueSheep,GROW
TrUHeru,GROW
Geekboner,GROW
Bigboparino,GROW
b10h4z4rd,GROW
SMQQTH_OPERATOR,GROW
Vilhaven,GROW
cochico,GROW
Calvin1119,GROW
Mistythread,GROW
Taco_Bell,GROW
neko,GROW
PastaOfMuppets,GROW
stalkereyes,GROW
mistakenotmy,GROW
Uricorn,GROW
OneRedSent,GROW
thelehmonator,GROW
ElderCub,GROW
Altrucel,GROW
Memeinist,GROW
apspiderboy,GROW
PMass,GROW
CaffeinatedGuy,GROW
Reginald_Venture,GROW
Lord_Derp_The_2nd,GROW
Arrowstar,GROW
nik237,GROW
MiniMurderdoll,GROW
NHLBUMOSQA,GROW
ccande_growth,GROW
monoglot,GROW
nonskanse,GROW
octopuskate,GROW
systemghost,GROW
AbbyCadabara,GROW
JamieNOR,GROW
__PETTYOFFICER117__,GROW
rafunzi,GROW
Tom_Sawyerer,GROW
GliderofDaggers,GROW
SHIFTnSPACE,GROW
shoutfree,GROW
Naasf,GROW
bradyblair20,GROW
ChickinSammich,GROW
NowNewStart,GROW
NorseFenrir,GROW
ydnar,GROW
the_tycoon,GROW
JoXand,GROW
solar-powered-potato,GROW
mcrkersten,GROW
CHiLL-UK,GROW
hatingtheworldsince,GROW
Brostrodamus,GROW
ripplepond,GROW
skapebolt,GROW
Call_Me_Joris,GROW
pironic,GROW
rehael,GROW
JerkyChew,GROW
Etherg8,GROW
outphase84,GROW
xBytez,GROW
myclockworkuniverse,GROW
Zippyduda,GROW
mypasswordisherpes,GROW
USSRUnicorn,GROW
OrangeredStilton,GROW
mcl768,GROW
yeep9,GROW
SilencioNL,GROW
toew,GROW
Bo98,GROW
SUperBic,GROW
Tigrelord,GROW
Sahdee,GROW
A3L92,GROW
flower_of_jade,GROW
czerwona_latarnia,GROW
kexig,GROW
nagelxz,GROW
Panoni,GROW
Dharmist,GROW
Jak1fan5640,GROW
nikomo,GROW
Lux_Stella,GROW
notmelol,GROW
EcahUruecah,GROW
holdmyham,GROW
NekoKnuckle,GROW
dutner2000,GROW
brotatoochip,GROW
scottcmiller,GROW
Firengineer,GROW
Chiquitta,GROW
acters,GROW
kruzovsky,GROW
Aggrocragg,GROW
cxkis,GROW
n0x_hav0c,GROW
pexafo,GROW
egruardo,GROW
CryptoCo,GROW
RaiseTheGates,GROW
HelloKD,GROW
_Aether__,GROW
volatilebit,GROW
knajjd11,GROW
EmeraldIbis,GROW
slowpoketail,GROW
seb6554,GROW
SpaceAvenger,GROW
RenobMan,GROW
BananaToy,GROW
pr0xat,GROW
robinparrot,GROW
mehefin,GROW
bobbybac,GROW
maxd,GROW
K_Lobstah,GROW
Kranerian,GROW
lesserknownslimshady,GROW
MnghShro,GROW
we_need_to_grow,GROW
treesuss,GROW
GingerScottishDwarf,GROW
TessMunstersRightArm,GROW
ErrorX,GROW
emsmale,GROW
tehmuck,GROW
TheZesty1,GROW
tufnut2crack,GROW
TuxedoFlask,GROW
church_of_robot,GROW
ElderFalcon,GROW
foxsleftear,GROW
spanac99,GROW
FUS_ROALD_DAHL,GROW
darquis,GROW
John_Madden_Facts,GROW
AstroMonkeyyy,GROW
Eoje,GROW
notJustPassingBy,GROW
pirate_phate,GROW
voidFunction,GROW
jovianjake,GROW
Atomicand,GROW
Ar72,GROW
Gtexx,GROW
thesofar,GROW
93a726d,GROW
SirHatSirHat,GROW
Idlesoul,GROW
tacs96,GROW
orangitu,GROW
sheab2000,GROW
KevinPew,GROW
Pieecake,GROW
RipeGoofySparrow,GROW
fizzypickles,GROW
qrokodial,GROW
Jiko_,GROW
zer0key123,GROW
Cpu_chan,GROW
overactor,GROW
Sci-ence,GROW
LunaSerenity,GROW
GiveMeABreak25,GROW
Smitydragon,GROW
Matoot,GROW
Douchy_McFucknugget,GROW
-Do-Not-Trust-Me-,GROW
viknas,GROW
jcfl1684,GROW
HybridHusky,GROW
TheDoctor_RS,GROW
_ThereIsNoSpoon_,GROW
prmcd16,GROW
slaaxy,GROW
ClockworkPaws,GROW
shtonkalot,GROW
TheRealJefe,GROW
EmeraldEnd,GROW
disignore,GROW
ITGCYS,GROW
mrsstrfstr,GROW
TheBlueberryPirate,GROW
doddz3h,GROW
robinwave,GROW
Quinnteresting,GROW
AEBayE,GROW
nomercymayhem,GROW
sope,GROW
jeuv,GROW
BitLion,GROW
1340WCA,GROW
Trinitek,GROW
USSecretary_NotSure,GROW
mDebra1003,GROW
conandy,GROW
xyyxrs,GROW
Kujio,GROW
SplinteZz,GROW
eisbaerBorealis,GROW
MissLauralot,GROW
keupo,GROW
turing_inequivalent,GROW
SeriousJack,GROW
Gadwin,GROW
sexytimegiggles,GROW
NotConfirmed,GROW
IAmNotJoshua,GROW
ornythorynque,GROW
tRitone11,GROW
Scolor,GROW
ashiningstarbyday,GROW
workaccount415,GROW
Stu_Pidasso,GROW
JesusLemon,GROW
TheAusus,GROW
_BindersFullOfWomen_,GROW
btgarner,GROW
Rakqoi,GROW
Capt_Reynolds,GROW
Blue-Skidoo,GROW
NotYourCuntMate,GROW
pixel321,GROW
C115551,GROW
angeloftheafterlife,GROW
bosco255,GROW
glassmountain,GROW
Dayforger7,GROW
Scheura,GROW
FrozenEagles,GROW
AndHeWas,GROW
yourfeetstoobig,GROW
hennelly14,GROW
pizzaoverload,GROW
gillyface,GROW
gerwen,GROW
mayonayz,GROW
komichi1168,GROW
gueriLLaPunK,GROW
Blue_Bit,GROW
trigonomitron,GROW
30kts,GROW
ItsaMeMattio,GROW
BlurredBird,GROW
dr-quack,GROW
hjelen,GROW
BigBosun1,GROW
GOOK_LUCK,GROW
trillianosu,GROW
NoPowerSteering,GROW
catgar_the_meowzard,GROW
waldron76,GROW
Relevant_Anal_Cunt,GROW
voicelessw,GROW
FossilDS,GROW
baeumli,GROW
TrekkieTechie,GROW
buffalolsx,GROW
friedbaconandeggs42,GROW
VectorAlpha,GROW
faradaycat,GROW
ExtendedBox,GROW
shadowdylan99,GROW
Gamerz4TedCruz,GROW
Kennatt,GROW
JonnMadden,GROW
ALEXJAZZ008008,GROW
i_met_rice_boy,GROW
Mafham,GROW
lmth,GROW
MrClub,GROW
MajesticPANGOLIN,GROW
Mega-charizard,GROW
soo_underground,GROW
Theowoll,GROW
SvanteH,GROW
kblks,GROW
kissofpassion,GROW
dickeith,GROW
Wally-The-Walrus,GROW
Halleys-Comet,GROW
luckyrome,GROW
UpfrontFinn,GROW
thousandfaced2,GROW
3agl,GROW
sabishii,GROW
Picus,GROW
brzt6060,GROW
c8220,GROW
femdemgem,GROW
JL421,GROW
frecel,GROW
qntoine,GROW
BlueZorua,GROW
meowmeowpants,GROW
leonmuellez,GROW
sleepydude,GROW
uncwil,GROW
SupDos,GROW
naughtideal,GROW
Evenedout,GROW
BreadBags,GROW
smuggleButt,GROW
keenguitar,GROW
TheMultiwagon,GROW
RatchetHeadATX,GROW
Castriff,GROW
m4r1n4,GROW
42Sec,GROW
sammygame008008,GROW
Rho2,GROW
je4d,GROW
mr_bag,GROW
TheWhaleMan,GROW
akvgergo,GROW
ControlledBurn,GROW
RobinThrowaway8,GROW
LeeAlamein,GROW
lezed1,GROW
Kitskuko,GROW
razbry,GROW
John_Maddens,GROW
h3ph43s7u5,GROW
TJAVJ_OJAVNA,GROW
Mattchew_X,GROW
STRENGTHoftheBEAR,GROW
Anfrone,GROW
SilentSand,GROW
roxath,GROW
OptikalCrow,GROW
Karnman,GROW
Kanadka,GROW
feb23,GROW
1p2r3,GROW
IKnowThatJerk,GROW
owleagle,GROW
one-man-circlejerk,GROW
DGMavn,GROW
Close,GROW
rustyfries,GROW
Hitlers_Third_Nipple,GROW
Major_Baker,GROW
Rayborn,GROW
Offspring27,GROW
Synthetically,GROW
UnknownFiddler,GROW
deepsix12,GROW
rhotoscopic,GROW
Cookie_Masher,GROW
katietheredhead,GROW
98741231486325879,GROW
N-kay,GROW
ambyrjayde,GROW
bloom328,GROW
stikko,GROW
mintkiss,GROW
constituent,GROW
broken42,GROW
RobinnotBatman,GROW
nwdomo13,GROW
sans1kal,GROW
couchassassin,GROW
Littleme02,GROW
Morrslieb,GROW
grow_exe,GROW
gryph667,GROW
Pondcows,GROW
teabag69,GROW
Gnud,GROW
ExtraGooseGrease,GROW
Hordina,GROW
r0llo_tomasi,GROW
Box_Elderr,GROW
Xenogearcap,GROW
i_code_starbucks,GROW
Turtlecupcakes,GROW
i_hop,GROW
cjtnt108,GROW
Novazilla,GROW
xereeto,GROW
Aoeui344,GROW
MrKyurem,GROW
lafond66,GROW
Raynima,GROW
trakie,GROW
FlickTheGestapo,GROW
mainstreamnolifer,GROW
pfumbi,GROW
svlad,GROW
theMockingNoob,GROW
ThisGirlJ,GROW
Mums_Spaghetti,GROW
Ignatius256,GROW
Link2006,GROW
PM_ME_ECON_ARTICLES,GROW
grink,GROW
BladeAP,GROW
smudgywaffle,GROW
killredditwithfire,GROW
DontHaveToTakeMyWord,GROW
Harry_Flugelman,GROW
SigP,GROW
schoeggu3,GROW
Mippohippo,GROW
Wraeyth,GROW
aleatoric,GROW
iBawb,GROW
Phyroxis,GROW
miss_reddit,GROW
verris,GROW
d109,GROW
pandaweb,GROW
BirdieBernieBot,GROW
Chrailzen,GROW
Devil_Chicken,GROW
using_the_internet,GROW
Fireheart0011,GROW
gordon_ramasamy,GROW
OpOrtsac,GROW
fredy31,GROW
haylow1221,GROW
usvtheman,GROW
N3messys,GROW
timelighter,GROW
Larklen,GROW
Johanasburg_Flowers,GROW
Mrtheninja,GROW
anaslaysya,GROW
KingOfD3rp,GROW
Andre_Young_MD,GROW
Patuney,GROW
Aegidrom,GROW
TisseTuss,GROW
Arrowhead119,GROW
PM_Me_Your_Honey-Pot,GROW
Forrest_Garret,GROW
enormouspenis69,GROW
Fruff,GROW
Emergencyegret,GROW
opek1987,GROW
The_Last_Y,GROW
ENZO-F,GROW
banjoismydog,GROW
A_Pet_Died,GROW
Seitz_,GROW
Manofevil,GROW
CombustibLemons,GROW
Acais,GROW
arturocazzoduro,GROW
IamanIT,GROW
tallulha,GROW
Roitchie,GROW
wakydawgster,GROW
T_17,GROW
sprremix,GROW
Lunarised,GROW
pancakesimone,GROW
cuii,GROW
DNAsed,GROW
denvit,GROW
KevinBogle,GROW
theillrequitedNSFW,GROW
RedditIsAwesome888,GROW
teabrains,GROW
f00lrawr,GROW
CarpeTestes,GROW
g2n,GROW
Golden_Grahams,GROW
chriswilton,GROW
robinAlt4,GROW
osbf96,GROW
Sloon_,GROW
Kano555,GROW
BigPhatWalrus,GROW
Lucian41,GROW
neeph,GROW
ixc7,GROW
moist_shorts,GROW
teabagluigi,GROW
Paradoxide,GROW
apmechev,GROW
Biohazard2016,GROW
argusdusty,GROW
ummonommu,GROW
Jortay9,GROW
pm_me_pics_of_ham,GROW
P4INKill,GROW
enigmaquip,GROW
rtirado,GROW
marktevans,GROW
AmazingOrange,GROW
siccoblue,GROW
pmmeyourwhitepanties,GROW
The_PBR,GROW
cactar54,GROW
niandra3,GROW
gummybearsyumyum,GROW
Gocountgrainsofsand,GROW
IceyMocha,GROW
PwnerJohn,GROW
GoodCrossing,GROW
Fbmstk,GROW
pyroshroom,GROW
iouea,GROW
Auronon,GROW
Sybles,GROW
ActionHobo,GROW
sebhybel,GROW
richard-robin,GROW
pirotor,GROW
Wontaanmon,GROW
VOTE-GROW,GROW
MeovvCAT,GROW
mr_mustash,GROW
VortexParadox,GROW
hugemuffin,GROW
Yeffug,GROW
cuttreaper,GROW
dankwritingprompts,GROW
HaeryHobknocker,GROW
ntrefil,GROW
Bradley2833,GROW
Vintage_Milk,GROW
IJustWannaGrow,GROW
jsmoothz,GROW
VariousThoughts,GROW
andysniper,GROW
ringostingo,GROW
llnk,GROW
Ilyanep,GROW
Assailant,GROW
ibanez_official,GROW
homerunbautista,GROW
Tyiek,GROW
Fiery1Phoenix,GROW
Rockthecashbar,GROW
WolfHoodlum1789,GROW
crazee_cow,GROW
brutuscat2,GROW
joshbydefault,GROW
mlledanielle,GROW
xAnonimex,GROW
Jaysonium,GROW
Olkofra,GROW
Lanulus,GROW
antitoxicblather,GROW
Brinana73,GROW
pHorniCaiTe,GROW
BlueRobin778,GROW
electricsheep14,GROW
IsNotACat,GROW
Wikkiwikki420,GROW
asleep_zzz,GROW
Loudmouth_American,GROW
varlogkern,GROW
Morjee,GROW
agentfooly,GROW
CameronCrazy01,GROW
beard113,GROW
AshcanWhiskey,GROW
daniel51a,GROW
Tomiix,GROW
dogtographer,GROW
_reckless_disregard_,GROW
legatic,GROW
Happy_Neko,GROW
imnotthesame,GROW
klusark,GROW
fsckin,GROW
sat1vum,GROW
desantoos,GROW
ixTec,GROW
RedSomeBooks,GROW
alphashadow,GROW
Fuel13,GROW
dogfeel,GROW
Ulfgore,GROW
Biology123,GROW
keninem,GROW
peacecorn,GROW
suha_amin_saleh,GROW
Whitestep,GROW
wiggie2gone,GROW
PrincessPeachSchnaps,GROW
proofme,GROW
JimmybobIII,GROW
potatopierogis,GROW
Lain-InTheMultiverse,GROW
Crix-,GROW
31415926535897932300,GROW
XOrAcLeX,GROW
alwayscomments,GROW
Tyburius,GROW
Shadow6363,GROW
MelonSponge,GROW
Devotia,GROW
shoopdawoop9001alt,GROW
pandandap,GROW
cturco,GROW
baconwaffl,GROW
izacque,GROW
ilpiazzista,GROW
edwardsdl,GROW
8-BitAlex,GROW
dotar,GROW
jagheterfredrik,GROW
j2112n,GROW
chocolate4tw,GROW
tferoli,GROW
AWorldOfYes,GROW
ElleAnn42,GROW
ZeoFateX,GROW
drawmesunshine,GROW
kavefisher,GROW
kernelhunter92,GROW
Nugaryal,GROW
Sublimical,GROW
benomnomnom,GROW
r1ftyCS,GROW
Bagelpower,GROW
droppin_NBOMEs,GROW
WorldWarZ,GROW
GPDCWCORMU,GROW
Prevailing,GROW
war_ace,GROW
hackerflu,GROW
concussion962,GROW
Superboy309,GROW
Gelmit,GROW
Alicks2,GROW
dryguy,GROW
yalethrowaway1234,GROW
RicoVig,GROW
RoboBob3000,GROW
Fallout2x,GROW
Panic-Attack,GROW
aschneid,GROW
mocha13,GROW
dogswithclogs,GROW
slacksushi,GROW
LoginErrorZ,GROW
Wildiness,GROW
pornqueen420,GROW
SnowLocke,GROW
skeksi,GROW
Laxatives_Are_Candy,GROW
meIsBestGod,GROW
kevinrulezdood,GROW
junf1,GROW
longbrass9lbd,GROW
domweir,GROW
igadel,GROW
hyp_kitsune,GROW
alexdzm,GROW
mustmergemustmerge,GROW
Blimp_Blimp,GROW
humblesunshine,GROW
psm321,GROW
Jayy-,GROW
aintdiego,GROW
reed17,GROW
nickledime,GROW
driftingdown,GROW
portalflame,GROW
RiseToSokuku,GROW
idleman1,GROW
TheMentalist11,GROW
AntimanV101,GROW
chrzan,GROW
SecretCheese,GROW
Xuan_Wu,GROW
FlunkyMonkey123,GROW
TheMoonIsAHologram,GROW
edlll91,GROW
Pushkatron,GROW
superbored2341,GROW
funkyenzymes,GROW
DIPLOT17,GROW
Working_as_always,GROW
Unbelievablez,GROW
MonsterReject,GROW
jessica316,GROW
Overunderscore,GROW
97779,GROW
Wakafanykai123,GROW
Sadnot,GROW
YouAreInAComaWakeUp,GROW
QuinnMallory,GROW
Fleeto95,GROW
KingShiggidy,GROW
dont_upvote_cats,GROW
cosmic-dust,GROW
Ghalist,GROW
RessMe,GROW
OtherAccountsAccount,GROW
jhiojhiop,GROW
RvDarklord,GROW
Dildo_Slaggins,GROW
divinebear,GROW
Virginonimpossible,GROW
_o_b_,GROW
iamVoxelChild,GROW
RynoRocks,GROW
Racer51296,GROW
Nerisai,GROW
lixtro,GROW
lsdryn2,GROW
Pulosis,GROW
CreamedBeef,GROW
Orldragon,GROW
a_asteroid,GROW
GrimPanda,GROW
Pancocks,GROW
jacobguo95,GROW
GrammarianEB,GROW
Tapirsnor,GROW
ANttila,GROW
deanomac,GROW
martion289,GROW
not_today_trebeck,GROW
abetoss,GROW
romulus4444,GROW
hagbard-celine,GROW
NotABadassOverHere,GROW
FeebleOldMan,GROW
superpayday2fanomega,GROW
Shufflebuzz,GROW
shouldiplaythegame,GROW
ahmenrah,GROW
ricANNArdo,GROW
TI_Pirate,GROW
Adverted,GROW
BlackArrow08,GROW
Leonoxide,GROW
goldenboy6392,GROW
rockdrigoma,GROW
Letssoar,GROW
Iwannabefabulous,GROW
smarvin6689,GROW
StuckHereWithYou,GROW
KittensInc,GROW
Novex,GROW
kkfl,GROW
bigboyhardman,GROW
Wemmer,GROW
kawzeg,GROW
Marcador,GROW
KiragamiCube,GROW
Leaxe,GROW
FoxxMD,GROW
LoudKestrel,GROW
RobinLafite1827,GROW
JubilantJamin,GROW
MySuperDuperAlt,GROW
iRemuz,GROW
lazymammoth,GROW
devxdev,GROW
colonelcapitalism,GROW
InflatablePooJabber,GROW
loldudester,GROW
kz-krunk,GROW
killboner,GROW
TericeNatalie,GROW
Selentre,GROW
altsloat,GROW
Percophile,GROW
codestring,GROW
SubBellatrixxx,GROW
zenoahchan,GROW
hypnoseal,GROW
ElsaPratt,GROW
spoonman69,GROW
mtthwksnr,GROW
thecentreright,GROW
klamfyr,GROW
angriest_ape,GROW
tama_official,GROW
_oscilloscope,GROW
IWorkAtWendysAMA,GROW
NOMADE55,GROW
andrewsemm,GROW
Imonfiyah,GROW
AcceleratedGlass,GROW
sicklyboy,GROW
TacticalNuclearDildo,GROW
snowicetiger,GROW
ThexKx,GROW
Fieldexpedient2,GROW
killermikex,GROW
AbsolutePillow,GROW
mcur,GROW
DoILookLikeSoy,GROW
cougarten,GROW
Nobilitie,GROW
latinsonic,GROW
GreenTurtwig,GROW
ThePrimeCo,GROW
lorimar,GROW
Fentiin,GROW
freakame,GROW
Steiiner,GROW
rafiss,GROW
djdanlib,GROW
Cistem,GROW
careyjmac,GROW
MasterRedditSurgeon,GROW
-NoobGainz-,GROW
w5gmo,GROW
tljohnson,GROW
RobinAlt789,GROW
TigerVert,GROW
FibonacciShibe,GROW
unreconstructedM,GROW
Pizza007,GROW
TheMagicPony,GROW
VRcraze,GROW
KrystallAnn,GROW
Sat_Nav66,GROW
D0cR3d,GROW
JVM_,GROW
Takamiya,GROW
WeJustFixedTheGlitch,GROW
_nea102_,GROW
Catsor,GROW
toomanynapkins,GROW
mindragon,GROW
meepsicle,GROW
mayflower26,GROW
Kawaii_Desu-Chan,GROW
BeniBela,GROW
flaim,GROW
Azarlak,GROW
Toohhnnee,GROW
Zubidiah5861,GROW
hersheykissespoops,GROW
ammoniac,GROW
panglife,GROW
paleck,GROW
MrZiggyStardust,GROW
janukss,GROW
Trondby,GROW
Hazasoul,GROW
ZombieLinux,GROW
m37,GROW
nannal,GROW
strongsauce,GROW
41k,GROW
Chansus1,GROW
xXIJDIXx,GROW
sar,GROW
JawnZ,GROW
hayf28,GROW
vaquit0,GROW
TheWaterGod,GROW
nbx909,GROW
Bonoahx,GROW
Thedarkbobman,GROW
pleadub,GROW
Ry0guy,GROW
LeytonJonPaget,GROW
69eruri,GROW
Th3Ph1l0s0ph3r,GROW
dragnmastr85,GROW
brian212,GROW
jmerc83,GROW
valyss,GROW
give_me_candy,GROW
4138,GROW
KuronekoFan,GROW
ygella,GROW
CCECJHEMC,GROW
Lord_Saren,GROW
chukymeow,GROW
Cirenmatt,GROW
TonyStarkVHouseStark,GROW
zevz,GROW
iateacrayon,GROW
hashtag_pickles,GROW
OhHellNah,GROW
JonFreer,GROW
Tsubasa_sama,GROW
Aliveon,GROW
Sash321,GROW
TheRealLemon,GROW
robrago,GROW
Ruin332,GROW
LoLNewMapIdea,GROW
RobinAlt456,GROW
Treefrog935,GROW
Forgot-My-Name_again,GROW
shinzzle,GROW
_deffer_,GROW
Ravendorr,GROW
randofriendo,GROW
coolyc3,GROW
NEHOG,GROW
TeaBagTwat,GROW
erte12345,GROW
SendMeYourSoul,GROW
namekall,GROW
navidhg,GROW
fuck_another_account,GROW
bannerbunny,GROW
iwfpizza,GROW
Robin-Leader-Board,GROW
Tupid_Estion_Asker,GROW
jedixi,GROW
andy1218,GROW
Boomz1lla,GROW
BloodMC,GROW
viyh,GROW
lasarq,GROW
TheTeaIsNotPoisonous,GROW
-Dark-Phantom-,GROW
EMC2_trooper,GROW
lgladdy,GROW
coolbrys,GROW
RunningWarrior,GROW
Busybyeski,GROW
keteb,GROW
inconstructables,GROW
KristofferAG,GROW
CSFFlame,GROW
Flunky-The-Grow-Bot,GROW
wettam,GROW
aceroni,GROW
coolanybody,GROW
Etellex,GROW
ezequiel_nob,GROW
T17prophet,GROW
jsphenom08,GROW
NorFear,GROW
HowManyLetters,GROW
xMARKxDx,GROW
peri_dot,GROW
cs80,GROW
DapperStapler,GROW
Xaroxantu,GROW
eggsforsale,GROW
TRocket,GROW
TurdDiggler,GROW
purplemilkman,GROW
SarcastaRandy,GROW
bunlolo,GROW
Techwood111,GROW
spinningblackdisc,GROW
Soggy_Stargazer,GROW
BlueFish447,GROW
robbleton,GROW
Mompy,GROW
Weeeth,GROW
valfuindor,GROW
ih8AlbanianSasquatch,GROW
qalteqar2,GROW
2_mch_tme_on_reddit,GROW
omnidingus,GROW
popcorny27,GROW
Staplerar,GROW
DTLAgirl,GROW
ju1cy,GROW
jaredjeya,GROW
oswald_the_mini,GROW
Grygon,GROW
Abandonedapple,GROW
1ddr,GROW
TheFoilman,GROW
FloatingBrolly,GROW
Zzjanebee,GROW
RedRoronoa,GROW
StarlightxUK,GROW
microfracture,GROW
xdavidtchang,GROW
welcome2ccandeshop,GROW
biker4487,GROW
splynncryth,GROW
-dlb-,GROW
betaray,GROW
baty0man_,GROW
Rndom_Gy_159,GROW
mocl4,GROW
GlryX,GROW
I_make_milk,GROW
johnknag,GROW
spacks,GROW
zeptimius,GROW
LuckySuicider,GROW
NamePsychic,GROW
KingOfTheNorthPole,GROW
ItsBOOM,GROW
goochey,GROW
xByron,GROW
DivideByNothing,GROW
UdanChhoo,GROW
MobiusCoffee,GROW
lepon01,GROW
SAUCY_DUCK,GROW
simpersly,GROW
Joosebawkz,GROW
hayfnsfw,GROW
tierrabound,GROW
HuntStuffs,GROW
spliznork,GROW
gkd50749,GROW
SofaAssassin,GROW
not_my_work_account,GROW
enricheduranium,GROW
I_Am_Batgirl,GROW
elphabaisfae,GROW
thijsveebee,GROW
aydenvis,GROW
orb360,GROW
layzzzee8,GROW
trigg,GROW
JuicyStalin,GROW
doubleflat,GROW
astrakhan2,GROW
boogz876,GROW
haroldmarcus,GROW
Jackalopeeee,GROW
Margatron,GROW
hyclrs,GROW
Alphroman,GROW
anonimar,GROW
Stjerneklar,GROW
LockOpeners,GROW
Ireland55,GROW
aspiderbot,GROW
Lob-Star,GROW
Sir-Rhino,GROW
vibrant_pastel,GROW
Blainezab,GROW
ADMONlTOR,GROW
TheDangiestSlad,GROW
taubut,GROW
Chocowayne,GROW
ravelCet,GROW
visionik,GROW
SxwTheCat,GROW
JarnabyBones,GROW
dickcentric,GROW
AdamUndefined,GROW
Whassat,GROW
Nawtilus,GROW
aythrea,GROW
TheDragonOfTheWest99,GROW
wiresnake,GROW
JosephRW,GROW
TopNot,GROW
Iskald_,GROW
uns211,GROW
jedi870,GROW
oppaii,GROW
_smi,GROW
mattvlr,GROW
dick_sanitizer,GROW
vashtiii,GROW
Orasund,GROW
stupidaccforskylar,GROW
ieoau,GROW
JoinRobin,GROW
killerdogice,GROW
Elisapee,GROW
TOBYRONE,GROW
IllHornet,GROW
Niamrej,GROW
Suprem,GROW
gruez,GROW
asgan,GROW
jbdawinna,GROW
fsdjrrjsj,GROW
SkinBintin,GROW
Kilvoctu,GROW
BernieZanderz,GROW
Discarded_Chicken,GROW
creamofsumyumgai,GROW
spudowiar,GROW
tickertapeparade,GROW
KeyserSOhItsTaken,GROW
shiningmidnight,GROW
kdalips,GROW
drakenkorin13,GROW
anon72c,GROW
shadowX9000,GROW
spaceshuttlecock,GROW
Tezla55,GROW
sorpaas,GROW
LordVykeddean,GROW
chuckpo,GROW
chatsnoirs,GROW
iamsupacool,GROW
radiofreak,GROW
masterme120,GROW
Aka2ora,GROW
derpy-is-best-pony,GROW
Shatti,GROW
andreaplanbee,GROW
BFKelleher,GROW
TetrisJenga,GROW
lactha,GROW
Im_bad_with_names,GROW
reallynormal_,GROW
kulomascovia,GROW
dopplegangme,GROW
danielintheden,GROW
Caenox,GROW
Voltasalt,GROW
Atheron3,GROW
GrowCloud,GROW
kre3d,GROW
Izanon,GROW
assholeamoley,GROW
riktors,GROW
melvaer,GROW
Traulinger,GROW
akx,GROW
Jackson2834,GROW
excelnooob,GROW
Gutterflame,GROW
saelsi,GROW
Blood_in_the_ring,GROW
deezy105,GROW
blackleaf31,GROW
dmak922,GROW
Lushbob,GROW
ramenbreak,GROW
timewarp,GROW
AirCruiser,GROW
Skythee,GROW
funkmasterplex,GROW
Coaxed_Into_A_Snafu,GROW
lachlanhunt,GROW
k4g3,GROW
Xsdfa,GROW
what_is_your_color,GROW
nimiety,GROW
Inurirasta,GROW
BernieDrumpf,GROW
RoboticEarthling,GROW
Shaqueta,GROW
downmecab,GROW
raakphan,GROW
Xataz,GROW
Joderick,GROW
Treviso,GROW
Lolwrd,GROW
nmsmoke,GROW
TehGoogler,GROW
son_soKukune,GROW
lifesbetterbackwards,GROW
GROWDISBITCH,GROW
BrightTomorrow,GROW
Sucks_,GROW
soldatstar,GROW
kranker,GROW
Nerf_Bard,GROW
Bears_Bearing_Arms,GROW
prankblack,GROW
jawkas,GROW
MissPantalon,GROW
3SK31V1,GROW
CaptainSerendipity,GROW
TehJeven,GROW
GayTurtleDog,GROW
TlJeasta,GROW
IDidntChooseUsername,GROW
DeyTa,GROW
Joshquick,GROW
Sethycakes,GROW
ZeBacon,GROW
nickyface,GROW
Phrea,GROW
Wonderingwanderr,GROW
Ascza,GROW
5iphilis,GROW
PepsiColaRapist,GROW
BlessYourFaces,GROW
fissionvsfusion,GROW
OldManFlatCap,GROW
dhartun1,GROW
T17orBust2,GROW
xxajt1,GROW
meplur,GROW
kayrunm,GROW
scottishrob13,GROW
CommisTwo,GROW
schoeggu,GROW
Gravedoom1,GROW
stop_ttip,GROW
Im_Bobby_Bitch,GROW
redditsdeadcanary,GROW
welie,GROW
magictank,GROW
MisterMeiji,GROW
the_pass_is_password,GROW
bogenminute,GROW
fufnb1,GROW
altobase,GROW
Has_fun_with_chicken,GROW
rprz,GROW
Darubian,GROW
comrade_trump,GROW
Abstract_Logic,GROW
MrMagius,GROW
salukis,GROW
manwith4names,GROW
JiggaWatt79,GROW
frankmint,GROW
Jatexi,GROW
orangeandpeavey,GROW
Talisene,GROW
conker2654,GROW
kokonahnah,GROW
Kazoorose,GROW
Brive_,GROW
Syn7axError,GROW
elgordomucho,GROW
WEIGHED,GROW
Jstar269,GROW
ry4,GROW
jumpking,GROW
Skiroid,GROW
Zeriox,GROW
gotmycheesewizardboy,GROW
ForeverZerg,GROW
carla8dec,GROW
ifindustries,GROW
kows,GROW
skeeto,GROW
cacunaa,GROW
derk_funk,GROW
Engeo,GROW
Tiancius,GROW
maep,GROW
mheep,GROW
BeDepressive,GROW
_rice,GROW
dracoling,GROW
rafaelis,GROW
uaoie,GROW
51177,GROW
yzypz,GROW
evilyou,GROW
ferndave,GROW
Rehsinimed,GROW
Uncle__Meat,GROW
kerbals_r_us,GROW
frankzeye,GROW
phoenixprince,GROW
5erade,GROW
mumer,GROW
zzhixin,GROW
AWildBull,GROW
EvilMutantShit,GROW
Kiwtu,GROW
BostonGraver,GROW
TheBullshitPatrol,GROW
Caesitas,GROW
maestroh,GROW
NoFuturist,GROW
Rexev,GROW
NyashAlex,GROW
NeckT0p,GROW
chapebrone,GROW
Captin_Obvious,GROW
maththis,GROW
figgycity50,GROW
mpchester,GROW
DarkFlasher,GROW
s3cur1ty,GROW
dildobutt666,GROW
theHAtEDone,GROW
pizzapieboobies,GROW
alloctone,GROW
drtaylor,GROW
Gosig,GROW
Rakash6,GROW
TheApplesAreElsa,GROW
I_Am_Fisk,GROW
bubbles0990,GROW
Amothyrie,GROW
itsMalarky,GROW
ccandeShle,GROW
whosthat,GROW
Bloodcore911,GROW
roxieh,GROW
TheScootz,GROW
DaGamer12345,GROW
rodentgarments,GROW
Cheesenaut,GROW
TofuPikachu,GROW
Nick4753,GROW
deathklaat,GROW
cheedear,GROW
QMaker,GROW
SatansF4TE,GROW
marsman,GROW
TDAGSI,GROW
soKu_or_bust,GROW
grow-not-stay,GROW
ArbitraryCredentials,GROW
xtremesmw,GROW
malandrajem,GROW
howhardcoulditB,GROW
rhinotheredditor,GROW
Cainio101,GROW
qlum,GROW
Sc3p,GROW
blaster876,GROW
Slepice1,GROW
Orioh,GROW
ADMRifRaf,GROW
idleman6,GROW
BlackJack10,GROW
QuietKestrel,GROW
alaric1224,GROW
WythDryden,GROW
GeorgeAmberson,GROW
mwguthrie,GROW
AAL314,GROW
Roboteck,GROW
DragonOBunny,GROW
phillyeagle99,GROW
soKuku,GROW
kippit,GROW
CaptainTankface,GROW
KuDu2,GROW
Birk,GROW
Decalance,GROW
heiferly,GROW
Takfu,GROW
wayetender,GROW
G23PaxilonHCl,GROW
zoink,GROW
cdm9002,GROW
ministryofsound,GROW
phenomist,GROW
abourne,GROW
OneiricNeuron,GROW
fusilli_zaitsev,GROW
JahnMadden,GROW
piesicle,GROW
Jeremymia,GROW
BigMamaSci,GROW
erqftxw,GROW
Tsnbenji,GROW
jaisthisaparty,GROW
weedsches,GROW
TheAngryArgonaut,GROW
thedavehughes,GROW
JoeyBurch,GROW
mr_yogurt,GROW
AlwaysTalkingShit,GROW
TheHawkIsHowling,GROW
quigly1337,GROW
smarmyrabbit,GROW
Clithertron,GROW
mr_trousers,GROW
veIimas,GROW
Xhonalight,GROW
Piece_Of_cake,GROW
DrRecommended,GROW
PickoUK,GROW
SOUNDSLIKEACOKEPARTY,GROW
zerlure,GROW
oaschbeidl,GROW
a66q,GROW
dashed,GROW
CD9,GROW
Hutterleft,GROW
devilwarier9,GROW
breloomz,GROW
mjlip,GROW
likenessaltered,GROW
smbkr,GROW
roxm,GROW
Mattya929,GROW
microbyteparty,GROW
agentverne,GROW
allankcrain,GROW
Arisaka99,GROW
candidate_master,GROW
1anrold,GROW
_stormagnet,GROW
Jackobyt,GROW
Unicormfarts,GROW
OminousG,GROW
Xebevo,GROW
max057,GROW
flapstacks,GROW
ovion,GROW
Rogorator,GROW
kevinstonge,GROW
vikingboy,GROW
TheGreatCascade,GROW
willief,GROW
wavepool,GROW
RUN_CHASE_RUN,GROW
geekahedron,GROW
rbemrose,GROW
curious-raven,GROW
dyaus7,GROW
JustSomeRedditor,GROW
bargainkangaroo,GROW
Ciandotmov,GROW
PlayfulBoss,GROW
_oken,GROW
1338h4x,GROW
WideE,GROW
GrowToWin,GROW
TheVisionary11,GROW
avocadis,GROW
touyajp,GROW
TagProPreciousRoy,GROW
2001em2,GROW
KuPrlitsGo,GROW
TheUnknownTag,GROW
Huntermbradley,GROW
Glumpfi,GROW
marcus_413,GROW
Voidjumper_ZA,GROW
Indeed_A_Murderer,GROW
motorcitymagic,GROW
PrNek,GROW
Stranger8374,GROW
half_slice7,GROW
omgblvd,GROW
micromoth,GROW
AurorianKeKe,GROW
cyranix,GROW
pernicat,GROW
Szeth-sonson-Vallano,GROW
Tephnos,GROW
EyrieWoW,GROW
Kimmie-chan,GROW
Pirate740,GROW
scarwizard,GROW
sade1212,GROW
johntempleton,GROW
FUCK_THA_M0DS,GROW
Kr4d105s2_3,GROW
w4rf19ht3r,GROW
mikebiox,GROW
CoinValidation,GROW
b-m1nus,GROW
pfff---,GROW
Raptime,GROW
LunArctic,GROW
slater126,GROW
namekal,GROW
Yaygrrs,GROW
Grakiao,GROW
DoctorDoomDoom,GROW
John_Madden_NFL,GROW
squrly,GROW
Unknown_Quack,GROW
vast_amphibians,GROW
hemflit,GROW
pasthorizon,GROW
FusionZ0ne,GROW
aaron42net,GROW
Chaserk17,GROW
Brynden_Rivers_Esq,GROW
garrett53,GROW
leathercraft-wannabe,GROW
Adinida,GROW
spoon_collector,GROW
mootinator,GROW
Kryonixc,GROW
therossboss,GROW
evanz,GROW
Riendew,GROW
PokemonGod777,GROW
whatdoicallthisone,GROW
Stosman,GROW
chrismash,GROW
ristophet,GROW
HopliteKate,GROW
xxoyez,GROW
5hakehar,GROW
Trogglewog,GROW
Ardentfrost,GROW
mango-face,GROW
somesortoffluid,GROW
fsm_the_alfredo,GROW
druckluft,GROW
SD7,GROW
dictator_sulla,GROW
wren67,GROW
Lolzep,GROW
brycedriesenga,GROW
robinburr,GROW
adrientrinh,GROW
MagicNoodle,GROW
austinidonothing,GROW
jdf2,GROW
AerithFaremis,GROW
Gro4Lief,GROW
DaveTheDownvoter,GROW
styrofoamboots7,GROW
monkey2211,GROW
luvmygwgirls,GROW
apul_flex,GROW
HookahComputer,GROW
Forcorrie,GROW
zacketysack,GROW
itsnotlupus,GROW
mathyouhunt,GROW
bhop2112,GROW
awesomejack,GROW
obviousaltforrobin,GROW
Cuniczek,GROW
TsarBombadil,GROW
Kuutsundereevee,GROW
RUN_STR,GROW
startfragment,GROW
minicooper237,GROW
bnhwkr,GROW
Steeleface,GROW
keeneyface,GROW
kmidre,GROW
PwnageGill,GROW
EyeZer0,GROW
DDoSQc,GROW
candersonza,GROW
SGCleveland,GROW
HIDINGATWORK,GROW
BudTheSlug,GROW
Huygens,GROW
AdventurePee,GROW
crazy1000,GROW
Hennihenner,GROW
SeizureSmiley,GROW
atdemeo,GROW
lesbiancarwash,GROW
graeyRaven,GROW
Sparling,GROW
ranzadk,GROW
Brady1026,GROW
FifteenFoxes,GROW
only-emoji,GROW
Zazie_Lavender,GROW
AbyssalOfTheEast,GROW
behemebash,GROW
hartofdark,GROW
mustardhamsters,GROW
idleman7,GROW
dyingdogs,GROW
XpRienzo,GROW
chameleon23,GROW
heseov,GROW
PsASux,GROW
HornedAlt,GROW
All_My_Loving,GROW
TheOnlyBoBo,GROW
What-the-curtains,GROW
ptrakk,GROW
Jargozeti,GROW
Joltygon,GROW
btilm305,GROW
Findarian,GROW
ipod123432,GROW
swardson,GROW
namazu,GROW
TheCountryoftheGrow,GROW
TheBraveSirRobin,GROW
So_angry_right_now,GROW
Perohh,GROW
Smartstocks,GROW
zorloret,GROW
hawkfalcon,GROW
jfb1337,GROW
ELS,GROW
stormagnet,GROW
xhaloedx,GROW
thevdude,GROW
pcpmasterrace,GROW
MicekUnstoppable,GROW
DMod,GROW
starbuck93,GROW
taulover,GROW
neuroglias,GROW
frias0,GROW
rabbitsnake,GROW
mythriz,GROW
Fairstpierre,GROW
MrAmos123,GROW
ezkein,GROW
ApocalypticGerbil,GROW
Still-Clueless,GROW
quaifonaclit,GROW
WhatDoTheBirdsCry,GROW
ggphenom,GROW
groovetonic,GROW
PEAMAN_IS_MY_FATHER,GROW
solarwings,GROW
Thomasedv,GROW
Lysergic-acid,GROW
iAmTheEpicOne,GROW
iwantdavid,GROW
gamefish,GROW
SomeOfTheTimes,GROW
cdos93,GROW
kitchipaw,GROW
Broodoobob,GROW
gryhldr,GROW
FDDLE,GROW
overtheover,GROW
spacescapes,GROW
snakesonatoni,GROW
gatordan,GROW
evman182,GROW
Mispelling,GROW
Koi-pond,GROW
lordxeon,GROW
Ewecus,GROW
20quid,GROW
Chibears85,GROW
DunnoHowToMath,GROW
-_Sunny5_-,GROW
ScaredTurtles,GROW
Rasmus,GROW
Patarknight,GROW
Khauros,GROW
robin_egg_bot_00,GROW
Dildondo,GROW
tripledjr,GROW
Mrtikka,GROW
AlekshV,GROW
Glidermechanic,GROW
alien005,GROW
raychay12,GROW
blobbafett,GROW
TheJizzWhisperer,GROW
Mitch2025,GROW
deextralumineox,GROW
mormotomyia,GROW
ramajamalam,GROW
devjunk,GROW
Kyrmana,GROW
AtheismFTW,GROW
deviroxx,GROW
Online_i,GROW
Ninja8259,GROW
quatch,GROW
Government_Drinking,GROW
Sexual_tomato,GROW
imalittledinosaur,GROW
jestopher,GROW
petamenos,GROW
evacide,GROW
FUCKING_FIRETRUCKS,GROW
JupiterCandy,GROW
Iislsdum,GROW
Chef_Ryan,GROW
Oddstrich,GROW
Nerdz2300,GROW
dariusmaximus,GROW
netnerd01,GROW
KazelJFB,GROW
NullismStudio,GROW
EvoXV,GROW
riddlogic,GROW
amaklp,GROW
Nikhil_likes_COCK,GROW
vincentsico,GROW
RIFLRIFLRIFL,GROW
pixzleone,GROW
ToCareIsHuman,GROW
lioncat55,GROW
trimeta,GROW
Muttz_and_Buttz,GROW
WaItWhite,GROW
RenegadeAI,GROW
NinjaInSpace,GROW
hamartia7514,GROW
KamateKaora,GROW
deftzeusmc,GROW
Ublind,GROW
drbossmanprodude,GROW
kaelex,GROW
SmurfyX,GROW
iVerity,GROW
charliegrc,GROW
HoopyHobo,GROW
madetofall,GROW
doge_apprentice,GROW
pHmetre,GROW
realslimshadyMEOW,GROW
that1guyDrew,GROW
LadySiara,GROW
Meggiekins,GROW
ohlookajellybean,GROW
Authsauce,GROW
Zach-out-of-the-Box,GROW
objober,GROW
goanimals,GROW
champloo11,GROW
Raspberry_Bacon_Sex,GROW
YeezyBreezyCovergirl,GROW
shiftshape,GROW
hohihohi,GROW
TheRedPuffin,GROW
RedRobin-5,GROW
TedTedTedTedTed,GROW
J08nY,GROW
tW4r,GROW
hansolo580,GROW
obfuscatedobesity,GROW
Darkcheesecake,GROW
Groad,GROW
Torch_Salesman,GROW
BobDanPat,GROW
notshitstop,GROW
blazerqb11,GROW
ilovetinycreatures,GROW
heiligerbimbam,GROW
Kruziik_Kel,GROW
Cohezion,GROW
jesman1,GROW
cinnamon_oatmeal,GROW
LeibnizIntegralKeks,GROW
ralgrado,GROW
ImperfectSunder,GROW
mattpowelluk,GROW
iPerv,GROW
GuliblGuy,GROW
WheresMyCurtain,GROW
dodgyas,GROW
pedunt,GROW
TootTootTootToot,GROW
WorldLinx,GROW
wilplatypus,GROW
Borealis023,GROW
EverydayMuffin,GROW
Wizard_Moste_Arcane,GROW
Taleri,GROW
cauliny,GROW
cosmigonon,GROW
treedemon,GROW
buttfuck_watermelons,GROW
GlitcherRed,GROW
Todtgelichter,GROW
anothererror,GROW
sweet_fucking_sex,GROW
PretentiousToaster,GROW
fewyn,GROW
Preebos,GROW
KorsaAvsandare,GROW
BlueRoll18,GROW
callado,GROW
westondeboer,GROW
Edderso,GROW
rabidfurball,GROW
EtchingInElectrons,GROW
cazique,GROW
loradion,GROW
yfact0r,GROW
JelqWizard,GROW
ColtM1909,GROW
calamis,GROW
Robulus,GROW
mh3f,GROW
Babababababybel,GROW
JDAndChocolatebear,GROW
aintnostoppin,GROW
zakkord,GROW
frozenfire06,GROW
Clubbyth,GROW
djdefi,GROW
xhable,GROW
mide765,GROW
taclane,GROW
jonnieve,GROW
woohoo,GROW
eqleriq,GROW
Resvrgam2,GROW
illuminateddisplays,GROW
gusboss,GROW
Zyx750,GROW
PotatoBadger,GROW
traveyes,GROW
red000,GROW
tampon_string_theory,GROW
Rafy2113,GROW
uijoti,GROW
Saltyteemo,GROW
SpaceSandwich_,GROW
EEfaeE,GROW
yieldthis,GROW
illuminus86,GROW
Invisible_Fridge,GROW
Coccinella,GROW
Wezpa,GROW
OnTheWayTo17,GROW
Spikrit,GROW
NorthPrism,GROW
Perceptus,GROW
UnacceptableUse,GROW
Sloth859,GROW
andy3455,GROW
theyf0undme,GROW
_vvvv_,GROW
Mopolo,GROW
Dread-Muffin,GROW
_asdfjackal,GROW
kpopper2013,GROW
prolixdreams,GROW
Lyngesen06,GROW
RobobutlerMMXV,GROW
JClocale,GROW
orkash,GROW
Xenshanni,GROW
row101,GROW
Vudjun,GROW
TomHeartsFeet,GROW
Quizznor,GROW
ablownmind,GROW
cooljak96,GROW
CloudBuster,GROW
SkySrc,GROW
purplewolves,GROW
PartyChrist,GROW
PowerOverwhelmingGG,GROW
lakluster,GROW
WantDiscussion,GROW
FriendlyYak,GROW
youtossershad1job2do,GROW
calikil,GROW
zeruel01,GROW
palealt3,GROW
IWantThisCat,GROW
MonsieurPineapple,GROW
TheArcade,GROW
silver_anth,GROW
outfield28,GROW
-kljasd-,GROW
fatinoparents,GROW
elitepenguin4,GROW
xxmarkuski,GROW
burgetta,GROW
pill_hop,GROW
bobisthestar,GROW
headzoo,GROW
AaroniusH,GROW
StanleyLelnats,GROW
ImTaser,GROW
AnotherMultiwagon,GROW
makgendeng,GROW
AggressiveCarpet,GROW
dougiedougie,GROW
OrangeW,GROW
4c51,GROW
TullyCicero,GROW
MrFurrypants,GROW
Redowadoer,GROW
BigDaddyIce12,GROW
Fafigunigen,GROW
kmcgurty1,GROW
DrWinters,GROW
JadeE1024,GROW
cstaylor,GROW
Dockerson,GROW
nepteidon,GROW
KeythKatz,GROW
allnutsonboard,GROW
shorty_06,GROW
leonlai86,GROW
Skelotic,GROW
ShrinkingElaine,GROW
yellowscissors,GROW
truthwillcome,GROW
ForEden,GROW
abakedapplepie,GROW
Navifan22,GROW
Touma_Kazusa,GROW
yourprettylense,GROW
MongolianCracker,GROW
JustJJ92,GROW
XdaXtreme,GROW
pythq,GROW
WhatsUpImKinky,GROW
uberdiesel,GROW
Ugleh,GROW
DebentureThyme,GROW
WelpSigh,GROW
SmurfSc2,GROW
skiplacombe,GROW
scrambler7,GROW
saorsea,GROW
CatTypingDetected,GROW
GuitarShirt,GROW
raiderxx,GROW
labiaflutteringby,GROW
gelframe,GROW
IAMA_girl,GROW
Creampie_Obsessed,GROW
chuckfinleLP1,GROW
PorcelainDrum,GROW
Nephany,GROW
DackJanielz,GROW
MrDoradus,GROW
wickedthiswaycums,GROW
sfshia,GROW
----_,GROW
heklingheksen,GROW
mns_,GROW
Notasandwhichyet,GROW
cerebro_lol,GROW
agree2agree,GROW
brandlibel,GROW
doswarrior,GROW
polarbear128,GROW
rockham,GROW
zxw,GROW
laptopdude90,GROW
BrownMario,GROW
pjeb,GROW
bob1001,GROW
glassmouse66,GROW
poolsucker,GROW
UDie2day,GROW
evanwork,GROW
lpadxsmbij,GROW
AliStarr182,GROW
Yordleboi,GROW
TopicallyDifferent,GROW
serenade497,GROW
doxob,GROW
NuOfBelthasar,GROW
gangsta1000,GROW
jdsfighter,GROW
3nd0fw0r1d,GROW
r4u,GROW
Supbrohz,GROW
Riddlesex,GROW
Xeinuir,GROW
alexanderpas,GROW
logibutt,GROW
elsjpq,GROW
BOHverkill,GROW
roobarb_pie,GROW
free_mont,GROW
Nawtprot,GROW
I_AM_A_FUNNY_GUY,GROW
MisterOn,GROW
Xmas121,GROW
squishykid_,GROW
dust_is_deadskin,GROW
Eldini,GROW
bird-nado,GROW
Bobguy77,GROW
UniqueFirst,GROW
TheStig52,GROW
syntheticfaith,GROW
RunWarrenRun,GROW
BuildingBridges1,GROW
mattreyu,GROW
Eremeir,GROW
RustyBower,GROW
Ninety__Five,GROW
dbenc,GROW
Aletheies,GROW
TeamBlast,GROW
TheFiley,GROW
Manchmal01,GROW
BudosoNT,GROW
hgt678,GROW
ballinwithstalin97,GROW
Drennor,GROW
MistakerPointerOuter,GROW
713_HTX,GROW
JaguarE-Type,GROW
Boxtape,GROW
iamjoesykes,GROW
micubit,GROW
montugar,GROW
leSniper,GROW
-Gemeni,GROW
jmasterfunk,GROW
jvnatter,GROW
IComeBaringGifs,GROW
Bananajesus,GROW
BiscutNGravy,GROW
My1AccIdontTrollWith,GROW
noonecanhearyou,GROW
astralboy15,GROW
Jessiecat123,GROW
shuperkiwi,GROW
NinjaAngel777,GROW
Captaincous21,GROW
slicshuter,GROW
hn-t,GROW
phaily,GROW
Reptillian97,GROW
Thaoukal,GROW
costanza_dot_jpg,GROW
DatMarv,GROW
LossOfInnocence,GROW
The_Cover_Up,GROW
Rosertot,GROW
LennonMOBILE,GROW
xz707,GROW
Aquifel,GROW
katrie,GROW
bochez,GROW
ShadyShroomz,GROW
htfo,GROW
FirstRuleOfSteamSale,GROW
nxking500,GROW
JokeSlayer21,GROW
theeveninglibrarian,GROW
SpeedySauce,GROW
Chocolate_Cow,GROW
HeroCC,GROW
JakiiB,GROW
DetuPengu,GROW
dumbyoyo,GROW
ValenciaXXX,GROW
ElectionBot,GROW
thekokirikid,GROW
jrichards2007,GROW
vezorek,GROW
tene,GROW
soilheart,GROW
vx14,GROW
ImTheCaptNow,GROW
DanielR17,GROW
ilre1484,GROW
TheWalkingUncleBob,GROW
djcocainegoat,GROW
The_One_Truth,GROW
Rykli,GROW
mukka15,GROW
DigitalMindShadow,GROW
vanishingstapler,GROW
Hulbatsss,GROW
DomerFrog,GROW
RichardCrapper,GROW
c0bra51,GROW
Pain_Fly,GROW
RoyalFencepost,GROW
C4boose_,GROW
professor_pepe,GROW
RedRobin-6,GROW
rimred,GROW
itstimefortim,GROW
MolokoPlusPlus,GROW
lucidaizical,GROW
chugga_fan,GROW
Jad89,GROW
Golden_drop,GROW
luckyluckycat,GROW
southernbenz,GROW
ShizzleMyTimbers,GROW
BluDude,GROW
ZerunOsu,GROW
loudaslife,GROW
FrontwaysCupid,GROW
iamsilenttoo,GROW
StuddedNET,GROW
starberry697,GROW
Meshiest,GROW
ghastrimsen,GROW
blakeman1,GROW
RenownedShark,GROW
idleman10,GROW
BakhtiariLur,GROW
arghabargh,GROW
Positrons,GROW
mbm,GROW
edamamethrowaway,GROW
TiresiasVII,GROW
RainyCaturday,GROW
drwarner,GROW
mrooww,GROW
ppc2500,GROW
Potsu,GROW
purple_mouse,GROW
teeson,GROW
formenotyou,GROW
violetfirefly6,GROW
chalkthesteelers,GROW
jvonkllr,GROW
Luxarynii,GROW
nuuskamix,GROW
cardboardtheory,GROW
jasona99,GROW
hello_moto,GROW
likecurls,GROW
mvartan,GROW
IHappenToBeARobot,GROW
F0064R,GROW
midnightClub543,GROW
karadine,GROW
100daysofyes,GROW
ShadowKiller1902,GROW
Regret_Pancake,GROW
drhead,GROW
p7r,GROW
internetisdoomed,GROW
drewkungfu,GROW
is_this_memes,GROW
unohoo09,GROW
TheAwer,GROW
MrBrokenLegs,GROW
StellaQuartaDecima,GROW
Rhubarbist,GROW
guitarman0831,GROW
lakeyo,GROW
JohnSmiththeGamer,GROW
John_Madden_2k16,GROW
tjdillasnake,GROW
_Ekoz_,GROW
GrowAlt_02,GROW
hellofromouterspace,GROW
JAGoMAN,GROW
Williekins,GROW
rowrowyourboat,GROW
PenisGiant,GROW
thatbarryguy,GROW
heyohwife,GROW
benduker7,GROW
wigguno,GROW
machinedevicepeople,GROW
Certainlynotaghost,GROW
qtMITTENS,GROW
Mcbaldo,GROW
Yeniuss,GROW
william_tropico,GROW
TheCatsmith,GROW
goldunicorn,GROW
MABGB,GROW
AdonisChrist,GROW
IbaFoo,GROW
Rickr00ler,GROW
s-i-s-u,GROW
artbn,GROW
jakerzzz,GROW
Kingofskillz,GROW
shokk,GROW
3cardblindbot,GROW
Healablesun,GROW
mdelaossa,GROW
necrophiliacheaven,GROW
dsty292,GROW
CommVenus,GROW
m38,GROW
coopersloat,GROW
DankMeemeeMaster,GROW
Annoy_Occult_Vet,GROW
m39,GROW
woahdudethatsfukedup,GROW
loulan,GROW
username2002,GROW
SnZ001,GROW
keithgabryelski,GROW
Heruza,GROW
eats_and_sleeps,GROW
Excalibur457,GROW
huntercn,GROW
gypsyhymn,GROW
PerisoreusCanadensis,GROW
ctacus,GROW
Omnobo,GROW
Ross123123,GROW
Quazaka,GROW
LeftHandLink,GROW
roamingphantom,GROW
Thedaveabides98,GROW
robinAlt2,GROW
seamewe,GROW
dcdm88,GROW
pugpu,GROW
Merkin_Sniper,GROW
mimiincognito,GROW
Lalindo,GROW
smhntr,GROW
duostyle,GROW
CyberSlain,GROW
mstrrmonhikn,GROW
GriffinPrice,GROW
StuRobo,GROW
r1pvanw1nkl3,GROW
varikin,GROW
Selbeven,GROW
txnbla,GROW
Extraxyz,GROW
kaltekar,GROW
morbid3500,GROW
kuqumi,GROW
sinceifoundserenity_,GROW
micah,GROW
quicklyspent,GROW
cmotdibbler14,GROW
Shoesbear,GROW
Multispanks,GROW
B1GBEN,GROW
shilena,GROW
wristytau,GROW
Zacru,GROW
closer9,GROW
MostLikelyABot,GROW
FuzzNuggettt,GROW
MrRobean,GROW
splishtastic,GROW
kavjik,GROW
sargeant_pig,GROW
TheJackMann,GROW
Dropping_fruits,GROW
notme3_,GROW
Treytor,GROW
WinstonSmith2015,GROW
darokrithia,GROW
DrapeRape,GROW
OkeDatUsh,GROW
madhorse,GROW
imisscrazylenny,GROW
Ethrwen,GROW
Anastrea,GROW
prepared_for_later,GROW
blackjackel,GROW
Happy_Fappy_Times,GROW
BradleySigma,GROW
caecias,GROW
Axendor,GROW
TLFP,GROW
callddit,GROW
Suksisauva,GROW
nickgasm,GROW
boilingdeathrequest,GROW
ADirtyWeeb,GROW
HonestlyIDidntMeanTo,GROW
shadow321337,GROW
Vilhjalmsson,GROW
xooo,GROW
gjgjgose,GROW
idiosidiot,GROW
Yes-ImStalkingYou,GROW
Superlamby,GROW
uLtr4Numb,GROW
fernir0,GROW
sabotourAssociate,GROW
LousyTX,GROW
thebugjim,GROW
Socrates_Burrito,GROW
Phallanxar,GROW
DOG124579,GROW
KaitRaven,GROW
TheAdvocate,GROW
impending_dave,GROW
Ferakas,GROW
labtec901,GROW
futbolstud98,GROW
zehliquid,GROW
T17_Or_Bust,GROW
biochemguy2016,GROW
chfoo,GROW
robin_testing_accoun,GROW
altboner,GROW
Burnt_heat,GROW
ieuao,GROW
Zazabean,GROW
bickster69,GROW
YalexTelevision,GROW
thegwynne,GROW
Legoben,GROW
CharlesMortimer,GROW
OntShitter,GROW
Cronization,GROW
iHacked,GROW
aldileon,GROW
SirAlanSugarDaddy,GROW
juryk,GROW
315Lukas,GROW
InternetIsHard,GROW
yearsoflove,GROW
bigbenny45,GROW
vanishmysterious,GROW
ZidDigs,GROW
SenorBaxter,GROW
GreenJokwe,GROW
dblink,GROW
idleman11,GROW
yuchunchang,GROW
bbdale,GROW
mwr247,GROW
Darakath,GROW
joe_chip,GROW
trashlikeyourmom,GROW
Symns,GROW
terevos2,GROW
slaaphub,GROW
kuraihime1,GROW
engelk,GROW
LTOtv,GROW
RedRobin-4,GROW
VIOLET_MAN,GROW
CottDude,GROW
Chowbit,GROW
mefixxx,GROW
FabianKelschotz,GROW
PM_ME_YOUR_SODIE_POP,GROW
wid_o,GROW
fsbk366,GROW
Akkadao,GROW
notreallynewaround,GROW
Benevolenthedgehog,GROW
Porso7,GROW
iamheadhancho,GROW
paperstargirl,GROW
sa130r,GROW
RainbowRaccoon,GROW
Lowbacca1977,GROW
ZenLord,GROW
Auroness,GROW
_JohnMadden_,GROW
autovotetest,GROW
megadave89,GROW
boredguy8,GROW
cornellier,GROW
strudelkopf,GROW
SadZr40,GROW
Firehead94,GROW
Lirrad,GROW
allasonder,GROW
Attack-Helicopter,GROW
MrMaple24,GROW
mipu,GROW
MapleSyrupReserves,GROW
RoarImALiger,GROW
EdHochuli,GROW
CucumberWang,GROW
ColSandersGhost,GROW
TheDreamingMonk,GROW
wolflambert,GROW
JV99,GROW
BabelFishAndCustard,GROW
BitchIAmABus,GROW
JollyDarker,GROW
Mega_Luxray,GROW
redsector,GROW
FunnyHunnyBunny,GROW
BrandotheMando,GROW
nargin0,GROW
DragonyCH,GROW
Wanderfool,GROW
Cabooseman,GROW
rabz12,GROW
Randomperson101010,GROW
Doctor_Jimmy_Brungus,GROW
_Scarecrow_,GROW
ikar100,GROW
awwyus,GROW
Xovius,GROW
RedRobin-7,GROW
WolfyB,GROW
inorix,GROW
deathonabun,GROW
Mithent,GROW
seanefina,GROW
That_Batman,GROW
Yrrem,GROW
runningrabbit86,GROW
Not__John,GROW
tikotanabi,GROW
shootingblank,GROW
Beard_of_Gimli,GROW
qwerty-po,GROW
PitchforkAssistant,GROW
ihavetoomanyquestion,GROW
lizardsrock4,GROW
Steelrain121,GROW
thrashermx,GROW
kelsimc,GROW
IJCQYR,GROW
trbnplsn12,GROW
adamgb,GROW
MothershipX,GROW
xxelinaxx,GROW
TheMoves,GROW
faern,GROW
Docker19,GROW
tbsports,GROW
TriumphantTumbleweed,GROW
Sbabdude,GROW
FireWorm,GROW
itallbreaksdown,GROW
kevin7899,GROW
CrossxFyre,GROW
Music_monkey,GROW
GlockWan,GROW
jmac,GROW
BigBrownBanana,GROW
ComManDerBG,GROW
Kirbachu,GROW
zmunk19,GROW
Rablusep,GROW
thatwentBTE,GROW
samray37,GROW
NapalmFrog,GROW
These_Voices,GROW
SyNiiCaL,GROW
xadammr,GROW
MashedHair,GROW
walle303,GROW
Kuer,GROW
SlightlyBasic,GROW
labago,GROW
JUST_GROW,GROW
rdlando,GROW
mtriper,GROW
Hippoaddict,GROW
Kisfelhok,GROW
bnmak,GROW
erinobin,GROW
kisekiki,GROW
sunrype1,GROW
lythandas,GROW
thinkaliker,GROW
Rewti,GROW
flouncyskirts,GROW
smartrams,GROW
Leo_Verto,GROW
Benobo,GROW
antihumorous,GROW
Dynamic_Equilibrium,GROW
CR-01,GROW
jellybeansraw,GROW
Alex-E,GROW
MakeAMemeFoundation,GROW
CorrinPhD,GROW
Topocane,GROW
Bloo-Toof,GROW
Do_not_reply_to_me,GROW
Prolougey,GROW
RedRobin-8,GROW
kungfoomasta,GROW
Wyrmn,GROW
pathetiq,GROW
Tarmikoss,GROW
Nannyrabbit,GROW
ReplayAttack,GROW
yeeeeehmuffins,GROW
Zuroski,GROW
RobinAltABC,GROW
fireproofali,GROW
gringer,GROW
jas330,GROW
waytoomuchcoffee,GROW
NoNoLimit,GROW
Pate94,GROW
Moretakitty,GROW
blargthornberry,GROW
DaBoomNaDaMmDumNaEma,GROW
thraxus,GROW
Calsas,GROW
mkicon,GROW
Verifitas,GROW
dances_w_vowels,GROW
mande110,GROW
Dus10_,GROW
Dorotheos,GROW
murder_of_jackdaws,GROW
mhallett,GROW
theragingbananapants,GROW
Twisted_Reality,GROW
FNCxPro,GROW
Edares,GROW
OtherMarc,GROW
al987321,GROW
DangerMose,GROW
Geekychickz,GROW
GCTheMonkey,GROW
DeepHorse,GROW
NefariousGlow,GROW
gemskate613,GROW
CryEagle,GROW
What_Game_Is_It,GROW
dork,GROW
DanPatBob,GROW
coldbrewedbrew,GROW
AS82,GROW
DontPhazeMeBro,GROW
mofuckinmocha,GROW
sLaughterIsMedicine,GROW
mynameisntmyname,GROW
AyeGee,GROW
joshumax,GROW
_Username-Available,GROW
Enofel,GROW
rbasov,GROW
kwwxis,GROW
Transtar,GROW
saerax,GROW
ExpertExpert,GROW
HibachiSniper,GROW
Givemeallyourcats,GROW
ForMas,GROW
KnightTerra,GROW
Asks_How_You_Are,GROW
sbblakey777,GROW
Wulfay,GROW
secret_online,GROW
superjimbe,GROW
melvynlennard,GROW
gschizas,GROW
altfrone,GROW
aac43090,GROW
elee0228,GROW
Scyanide_,GROW
absolut_soju,GROW
burnstyle,GROW
TheDurativeConsensus,GROW
krofna1,GROW
John_Maddun,GROW
wlan222,GROW
Raymosrunerx,GROW
TotallyNotBoolean,GROW
StarvingAnimator,GROW
RobinUnite,GROW
mrspeeds,GROW
DoItForRobin,GROW
gereth,GROW
The_crew,GROW
icyone,GROW
bonerstorm,GROW
Chillangilo,GROW
sonikwolf1,GROW
CommisOne,GROW
poiklers,GROW
Muskwatch,GROW
_beeb,GROW
Lurconis,GROW
Psychgen,GROW
notcaffeinefree,GROW
Starfyrewitch,GROW
qalteqar,GROW
crainngonewild,GROW
PapalRage,GROW
KrazyA1pha,GROW
BurritoMedici,GROW
Michael-Bell,GROW
nandhp,GROW
Dark_Tyrant,GROW
FuckerMcFuckingberg,GROW
Garchoz,GROW
Name0fTheUser,GROW
fprotthetarball,GROW
Sodapop98,GROW
RhythmBlue,GROW
glenreedman,GROW
BastiontheMighty,GROW
NainoRed,GROW
qwertyshark,GROW
kjxp,GROW
derogative,GROW
Horsewanterer,GROW
PBCom,GROW
blumpkinescobar,GROW
Albert_Borland,GROW
sjLonghorn,GROW
robin-rpgbot,GROW
Tinyds,GROW
Anjahl,GROW
david-miles,GROW
apcreddit,GROW
-Iamabeautifulperson,GROW
----_-_-_-_----,GROW
tedztar,GROW
maafighter,GROW
IHComps,GROW
Mrbman11999,GROW
RyuremSnow,GROW
crocano861,GROW
misterverbnoun,GROW
pattonc,GROW
ShutUrMouthBekowsky,GROW
notgregoden,GROW
MrMeesee,GROW
Verticallity1,GROW
tambry,GROW
Ookami_Wolf,GROW
ScotchMe,GROW
index_card,GROW
SparkPlug3,GROW
RexSquared,GROW
havalinaaa,GROW
niggerniggers,GROW
janksnake,GROW
leonardodag,GROW
SomethingToDanceTo,GROW
grumblichu,GROW
nbagf,GROW
erto66,GROW
Rabbid21,GROW
Torlarian,GROW
Dillidall,GROW
easy2rememberhuh,GROW
devoidfury,GROW
brennie42,GROW
NotHimForSure,GROW
shying_away,GROW
DJRybred,GROW
No_Gods_No_Kings,GROW
Lanklord,GROW
ssnistfajen,GROW
--jp--,GROW
myCoderAccount,GROW
landswimmer,GROW
verontron,GROW
Shadow_Stepp,GROW
AnotherRobin,GROW
Whisperingfire,GROW
KateMonster2,GROW
IAmALawyer,GROW
Paleran,GROW
danshep,GROW
eizei,GROW
SmiteFish,GROW
Meowingtons_H4X,GROW
ceiling_tiles,GROW
rabbyz,GROW
riobh,GROW
-My_Other_Account-,GROW
FontPeg,GROW
boy_wanders,GROW
KnifenBlood,GROW
AcridCascade,GROW
DoctorZMC,GROW
RafTheKillJoy,GROW
JustCheckinInOnYAAAA,GROW
Barefooted23,GROW
vividbiviv,GROW
WamSylliams,GROW
krisbykreme,GROW
nullpacket,GROW
redpandapaul,GROW
kefkef123,GROW
nullx,GROW
npst0r,GROW
sudoscientistagain,GROW
jibbsisme,GROW
Rendivious,GROW
pohtayno,GROW
warpnineengage,GROW
1ExplosiveTaco,GROW
Coreball_,GROW
surosregime,GROW
2305843009213693951,GROW
xesur,GROW
bigPeat,GROW
INFINITY_POPE,GROW
miss_rosie,GROW
USERNAME_ERROR,GROW
jclariviere,GROW
RevolutionMaster,GROW
demonfoxphill,GROW
atsu333,GROW
alphaque,GROW
h_trap,GROW
mydogfartedagain,GROW
squire_pug,GROW
Bensrob,GROW
Djinneral,GROW
smurfnblurf,GROW
BurnSween,GROW
PM_ME_YOUR_BOBBIES,GROW
Duramaximizer,GROW
Joosh92,GROW
smalaki,GROW
DirtyPigeons,GROW
Sporter105,GROW
kraemahz,GROW
oelitedragono,GROW
OcelotWolf,GROW
Dandelion212,GROW
nowordforit,GROW
JustAskBaldwin,GROW
ganlet20,GROW
saiarcot895,GROW
Thecactigod,GROW
bluerover21,GROW
Mal_Dovah,GROW
roastedlasagna,GROW
BadAtThisKindOfThing,GROW
timdorr,GROW
AtaraxicMegatron,GROW
JimmyTheIntern,GROW
Sniper_LTU,GROW
drewiepoodle,GROW
notjosh3,GROW
mcraider90,GROW
balestorm,GROW
Blue_color,GROW
elphieisfae,GROW
Abir_Vandergriff,GROW
chise,GROW
Louisifer,GROW
Buck1927,GROW
TheMentalist12,GROW
wild202,GROW
Expyron,GROW
Kessv,GROW
YouMeanVagina,GROW
jethack,GROW
bandaid21,GROW
jhg1,GROW
xTails0328x,GROW
brandonreddi2,GROW
TheStuffle,GROW
Lousy_SVG,GROW
BorisJonson1593,GROW
XesEri,GROW
hatrickpatrick,GROW
Maurice_M0ss,GROW
20160401,GROW
frozenstn,GROW
Bazinga_9000,GROW
Riluske,GROW
SnailFarmer,GROW
rawchel,GROW
Leonichol,GROW
Grilledminer,GROW
bendigedigdyl,GROW
-alice,GROW
Cudgeon,GROW
Pamasich,GROW
koselleck,GROW
copart,GROW
qe8,GROW
straximus,GROW
AndyD418,GROW
Rixks,GROW
Kejjeh,GROW
3nvisi0n,GROW
rohishimoto,GROW
dinoduckasaur,GROW
aygoman,GROW
Eralea,GROW
edgelesscube,GROW
MEGA_MEGA_SLUT,GROW
harrison_kion,GROW
Jaylez,GROW
iamkeisers,GROW
RELAXINGATHOME,GROW
timzem,GROW
iruleatants,GROW
peterkeats,GROW
DieTheVillain,GROW
LittleEmmy,GROW
Princess_Pwny,GROW
Hyttech,GROW
rakehand,GROW
bpd-canine,GROW
noone12567,GROW
TarJack,GROW
Argent_Omnitron,GROW
MsMinxyChan,GROW
HoursUponHours,GROW
an_audible_smile,GROW
hrndz,GROW
jleonardbc,GROW
Bappedekkel,GROW
NINJA_DILDO_FUCK_CAT,GROW
KennyLlamas,GROW
xiixhegwgc,GROW
KCosmo,GROW
Artinz7,GROW
albogaster,GROW
mecavity,GROW
SaveVMK,GROW
Mopziii,GROW
SpamBotPro,GROW
BloodyKitten,GROW
RobinBastards,GROW
puddyput,GROW
synackal,GROW
two_sheds_,GROW
sodas,GROW
laserboy666,GROW
bonomel,GROW
HowManyCaptains,GROW
NanoSwarmBotAI,GROW
thegunn,GROW
DonkeyCatHybrid,GROW
3onicj_V2,GROW
TurboNarwhal,GROW
jozaud,GROW
xadrezo,GROW
Yolatenguy,GROW
Dank3nstein,GROW
Xzavi3r,GROW
lowmagnitude,GROW
13steinj,GROW
theblonde,GROW
sidnus_crosbus,GROW
Infinite_Sharts,GROW
estranho,GROW
Memeroniandcheese,GROW
Rene_Z,GROW
PM_ME_YOURDRUGS,GROW
powerlanguages,GROW
partiallysplendid,GROW
Espequair,GROW
Kestrel87,GROW
wheelchairswag,GROW
PM_ME_YOUR_SHELLCODE,GROW
drazion,GROW
radioactivated,GROW
bitchycuntalt,GROW
Cernokneznik,GROW
FetusPuncher33,GROW
Krzaker,GROW
TheMellowSide,GROW
palealt,GROW
Licensed2Chill,GROW
PickleMyTickle,GROW
novvva,GROW
WAO138,GROW
Lunnes,GROW
britishotter,GROW
-klassy-,GROW
LongStrangeTrips,GROW
icanhearyoujustfine,GROW
Clickety_Click,GROW
ieatpuppiezz,GROW
berberine,GROW
Vupwol,GROW
too_clever_username,GROW
sokukuoverlord,GROW
GuitarFreak027,GROW
wardrich,GROW
Alex2539,GROW
udp4lyfe,GROW
Scyrmion,GROW
Breneno,GROW
j3ckxbl,GROW
irontuskk,GROW
RedRobin-9,GROW
alexjett,GROW
shinoxaki,GROW
Hazel-Rah,GROW
TheUncleBob,GROW
ilfuturo,GROW
KurpCobang,GROW
harlemshakeNbake,GROW
int_he,GROW
fazaden,GROW
phynn,GROW
PreciousRoy4Prez,GROW
Kayla_G,GROW
yetami,GROW
NinjaMom728,GROW
Legendjohn,GROW
il_doc,GROW
Hardx,GROW
BossColo,GROW
deadNightTiger,GROW
wiraqcza,GROW
mronetwothree,GROW
Moncole,GROW
remog,GROW
die247,GROW
FengaPappit,GROW
ArritzJPC96,GROW
skelo,GROW
SoftSandalwood,GROW
seebelowforcomment,GROW
properthyme,GROW
I_this_this,GROW
TomLube,GROW
pmmeyouryoohoo,GROW
Reeckz,GROW
gregmichael,GROW
modgone,GROW
mkosmo,GROW
Res42,GROW
FlyAwayLittleRobin,GROW
crandamaniac,GROW
casey341654,GROW
HaveToBeSneaky,GROW
TheCoal,GROW
Thaslapchopper,GROW
Coney_Island_Hentai,GROW
zoxxor,GROW
auiq,GROW
Diplotomodon,GROW
naturalorange,GROW
Multiwagon,GROW
agdurrette,GROW
nhu72,GROW
missdemeanant,GROW
Jan_Michael__Vincent,GROW
DEFY_member,GROW
Superparakeet,GROW
the_random_noob,GROW
the7egend,GROW
MattRRead,GROW
WutAmARobinFor,GROW
innoutberger,GROW
Frigginlazers,GROW
ph49,GROW
masterful921,GROW
wolf2600,GROW
rcbg0713,GROW
PLUHF,GROW
CommonSandpiper,GROW
HordeOfDoom,GROW
Difarem,GROW
zhirzzh,GROW
LittleQuark,GROW
jeremyeyyy,GROW
Marmalade6,GROW
MorbidTroll,GROW
Methrend,GROW
key2lite,GROW
Mete0r1t3,GROW
ExoticCarMan,GROW
atarimae,GROW
firekissed,GROW
The_lolness,GROW
Nameless_guhol,GROW
neurointervention,GROW
canadian_it_guy,GROW
JohnJimJoeBob,GROW
AtmaFighter,GROW
KillaClipz,GROW
wornmedown,GROW
rolya96,GROW
Moonpenny,GROW
hellapanda,GROW
vguria,GROW
Hogarththedestroyer,GROW
MehtefaS,GROW
KnobodyImportant,GROW
PNW__Guy,GROW
ThisIsHopper,GROW
HemingWaysBeard42,GROW
ghosteria,GROW
sociallyawkwarddude,GROW
WillYall,GROW
nolasagne,GROW
Killerko,GROW
bbrazil,GROW
SHIT_OUT_MY_DICKHOLE,GROW
kerbuffel,GROW
hairy_gogonuts,GROW
OmnitronXI,GROW
mista_fresh,GROW
twoandfortysix,GROW
55555,GROW
Amlethus,GROW
PigNamedBenis,GROW
Kourkis,GROW
RackClimber,GROW
Purkox,GROW
iamhctim,GROW
cambevo,GROW
zbignew,GROW
TheRumpletiltskin,GROW
beastglatisant,GROW
Kamguh,GROW
Good_At_English,GROW
dgaff,GROW
lochness350,GROW
brycenickerson,GROW
n1e,GROW
floppy-oreo,GROW
ConspicuousPineapple,GROW
rawrachel,GROW
Spirkus,GROW
Falconrockateer,GROW
Tex_Bootois,GROW
ZombiezuRFER,GROW
techdarko,GROW
amtra5,GROW
M0r3Pa1n,GROW
dillpicklejar,GROW
gorkish,GROW
nuu,GROW
wont_remeber_pass,GROW
ZigZoodle,GROW
seoulless,GROW
empireofjade,GROW
ACMarathon,GROW
3ikooc,GROW
bakedpatato,GROW
NniftheHuman,GROW
harold814,GROW
theGrooveTime,GROW
SonicSam,GROW
Foxtreme,GROW
rule34,GROW
mssmith92,GROW
peachinsanity,GROW
DeadEndDragoon,GROW
WTRXGamer,GROW
Kyros-,GROW
Gigahawk,GROW
Kspoosh,GROW
RaconBang,GROW
Speezix,GROW
beegbeegbeeg,GROW
E942,GROW
KnMn,GROW
Dauchy,GROW
logcat7,GROW
Spiffillion,GROW
NhJaden,GROW
lizardom,GROW
gutanoth,GROW
andrewtabs,GROW
YourBodyIsFrail,GROW
Alternet1,GROW
jesseaknight,GROW
ASCIO,GROW
Aloogy,GROW
OscarSlenderman,GROW
fluffyanvil,GROW
Fridgerunner,GROW
MightyPrincessCarl,GROW
HankytheWanky,GROW
LeeBears,GROW
Saucy_Fox,GROW
KillsPotatoes,GROW
robinaltconk,GROW
dickwad69,GROW
The_Turbinator,GROW
chemcalfarmr,GROW
MetaX24,GROW
DILeakStudios,GROW
johnboker,GROW
Mewo47,GROW
AviN456,GROW
GodOfAtheism,GROW
BanjoJosh,GROW
UnicornsRreal,GROW
Bunny_Bixler,GROW
eltair,GROW
Pingryada,GROW
NoTengoTiempoParaTi,GROW
Supajin,GROW
_Ken-M_,GROW
Coconutsales,GROW
MrReebdoog,GROW
ArcOfDream,GROW
BlueSriracha,GROW
FishingIsLife,GROW
XG549,GROW
TurtleWaffle,GROW
JustJillian,GROW
Sorbetfraise,GROW
spanac98,GROW
aquamarinemist,GROW
JELLY__FISTER,GROW
RedRobin-0,GROW
davidjl123,GROW
DrPurse,GROW
KatoHearts,GROW
nataya,GROW
IAmAWizard_AMA,GROW
Desonator,GROW
jasperzieboon,GROW
sub-merge,GROW
thracette,GROW
Immortalus,GROW
Mr_Mistyeye,GROW
jazzooboo,GROW
barnytan,GROW
ciren,GROW
Ghostise,GROW
idleman2,GROW
lloydlucas,GROW
Ikamuzu,GROW
fuegonator,GROW
McMatt_HD,GROW
justforrobinpoints,GROW
RicksterCraft,GROW
KronK0321,GROW
The_Grow,GROW
LegoTheExplorer,GROW
serofawx,GROW
tojikomori,GROW
robinAlt3,GROW
iiw,GROW
Annon201,GROW
S2lverEagle,GROW
tony_raviolli,GROW
Tearik,GROW
firangistan,GROW
thats_poes_law,GROW
brh131,GROW
saffronisstuck,GROW
axemaster72,GROW
sabotank,GROW
PatrickDenton,GROW
hello_london,GROW
aftburner,GROW
TruthInNature,GROW
Glory_DrEvil,GROW
Pantone185C,GROW
IndigoOrange,GROW
niekze,GROW
_Zaga_,GROW
MythicJunkie,GROW
Enlyten,GROW
maniacmp23,GROW
MorallyDeplorable,GROW
Lord_Dankster,GROW
CD9V2,GROW
Dr_Victor_Friess,GROW
DarkDay65,GROW
my_pass_is_peaches,GROW
FatherStorm6,GROW
FappinAccount,GROW
CloudTheValkyrie,GROW
KnockMellyKnock,GROW
nintendomac,GROW
Aparicio,GROW
rush_rush_rush,GROW
Bess95,GROW
Askew0820,GROW
Andrew_Mendoza,GROW
aSemy,GROW
anonymous_husband,GROW
ViktorErikJensen,GROW
vaultboy338,GROW
Sir_Oswald_Stonegate,GROW
Lovecraft,GROW
idleman4,GROW
Radical_Alpaca,GROW
xstych,GROW
Dios5,GROW
TrollBurgerHelper,GROW
kingoftown,GROW
beyrevra,GROW
SpudDogg,GROW
5rockhopper4,GROW
extremx,GROW
ARVACODE,GROW
deadsluts,GROW
NavarrB,GROW
aspbergerinparadise,GROW
StoneKM,GROW
four_ass_monkey,GROW
protensity,GROW
spehno,GROW
grammaticalhypocrite,GROW
ToCatchACreditor,GROW
HeWhoMadeTheWorld,GROW
coarsecorrection,GROW
SaveTheSpycrabs,GROW
Boldabout,GROW
thahamer,GROW
shy,GROW
Gimmepienow,GROW
Twitch89,GROW
Gilgim,GROW
Never-mind-me,GROW
projectkoala,GROW
Deathly809,GROW
Firemancer,GROW
Savolainen5,GROW
JC_Rooks,GROW
ha5hmil,GROW
ImF2P,GROW
NeonFx,GROW
sirin3,GROW
GreyMatter22,GROW
The_PurpleCat,GROW
Chaoss780,GROW
Tardis218,GROW
afinadori,GROW
_JebediahKerman,GROW
TheTim,GROW
HardBoiledBollock,GROW
Pyraete,GROW
moustachometer,GROW
HIPHOPAFRICA,GROW
MashedPoatoes,GROW
Danthezooman,GROW
Smoofus,GROW
Bottswana,GROW
A-M-A-T-E-R-A-S-U,GROW
elomar,GROW
eagreeyes,GROW
valdin450,GROW
AirFarce,GROW
RobinPusher,GROW
DumbDownDog,GROW
Sokukune,GROW
xcemma,GROW
wutssup,GROW
weskill9,GROW
collude,GROW
Serkette,GROW
steg132,GROW
SuperQuokka,GROW
mloth,GROW
Winderps,GROW
Nimbleh,GROW
Graphene314,GROW
Worryaboutstuff,GROW
Pie-ception,GROW
etray,GROW
cyclingwonder,GROW
snezel,GROW
zaren,GROW
scoutgeek,GROW
gielock,GROW
FriSha,GROW
hiimyellow,GROW
I_am_Robin,GROW
river-boat,GROW
supasteve013,GROW
Teipo,GROW
Dynamist,GROW
Iwillanswerwithgifs,GROW
moosey2,GROW
yoggi92,GROW
jayman419,GROW
luciusda,GROW
ThQmas,GROW
pexium128,GROW
Jpon9,GROW
bobert273,GROW
CohoCharlie,GROW
xJRWR,GROW
lemtrees,GROW
trendyalien,GROW
brikeris,GROW
sdoorex,GROW
shadowman99,GROW
abrownn,GROW
HB_Lester,GROW
rachelll,GROW
lastpirate,GROW
Rykanrar,GROW
Nokwatkwah,GROW
Undertow1047,GROW
supermegacactus,GROW
pkyres,GROW
Tekno_Viking,GROW
giommy23,GROW
ExtraEponge,GROW
astrophy,GROW
Connerd117,GROW
Chim_,GROW
Kinky_IT,GROW
Hlug2340,GROW
revoonrev,GROW
matthewkwcheung,GROW
Zook,GROW
Colebeanos,GROW
embracetehmartian,GROW
JamoLockerz,GROW
nuimancel,GROW
jake12001200,GROW
NotARobinBot,GROW
Yes_Im_Stalking_You,GROW
RadicalSally,GROW
jonesandbrown,GROW
hashexclamationpoint,GROW
sleepteiner,GROW
Mr_Alert,GROW
BrettOliver,GROW
Adamsoski,GROW
AlphaKiloDelta,GROW
syllabelle,GROW
dexepi,GROW
DeathByCheeseGrater,GROW
Curly-Mo,GROW
p0wnxx0r,GROW
pandersson97,GROW
gnvperson,GROW
SJPadbury,GROW
oOYokersOo,GROW
Nukem88,GROW
sasquatcheatsgore,GROW
veeedz,GROW
hans_s,GROW
M4n1us,GROW
ConcernDogeTheBased,GROW
satire____,GROW
Cloggedcinque,GROW
Bonhomie3,GROW
Sorrento110,GROW
chrisrico,GROW
itscuzimeddie,GROW
specialopts51,GROW
dahakon,GROW
bwoebi,GROW
recOneLo,GROW
TOaFK,GROW
Op_qO,GROW
Exclarius,GROW
theillrequited,GROW
Doc_X,GROW
joeycastillo,GROW
tylerbgood,GROW
0x90-0x90,GROW
getnamo,GROW
auximenes,GROW
ladykillerwannabe,GROW
jonwithanh,GROW
rasGazoo,GROW
helios_225,GROW
GeorgeSG,GROW
Belsneaker,GROW
HalloweenInHeaven,GROW
icecubesbones,GROW
newredditsucks,GROW
damontoo,GROW
CommanderCorndog,GROW
Moose_Hole,GROW
helokol,GROW
Sealatron,GROW
lord_high_exchequer,GROW
dnlcrl,GROW
GotDatPandemic,GROW
Lolzrfunni,GROW
jamstah,GROW
vsod99,GROW
codedit,GROW
mwmo222,GROW
razerbeans,GROW
ajd08008,GROW
explainsjokesforall,GROW
Edje123,GROW
itisnti,GROW
indicasloth,GROW
3MZBM1,GROW
marakiri,GROW
thesnowfish7,GROW
jovdmeer,GROW
bapewka,GROW
Falodir,GROW
fontaine,GROW
PramHash,GROW
KindOfLikeYou,GROW
nontelop,GROW
eksorXx,GROW
Lulzorr,GROW
TacoInABag,GROW
Madhatterzzz,GROW
poookz,GROW
hunky,GROW
Wulfre,GROW
ajdj99,GROW
Haxton_Sale,GROW
iAMDev,GROW
klan123,GROW
mechagodzilla18,GROW
KaezarRex,GROW
Gew113,GROW
faroh,GROW
bzisjo,GROW
Mirandir_,GROW
GalaxyCascade,GROW
elginkevin,GROW
cheeperz,GROW
-Persona-,GROW
zeeres,GROW
Autism-Chan,GROW
packetheavy,GROW
LiminalMask,GROW
-Yunan-,GROW
DoctorKL,GROW
ArcticTroll,GROW
NoahYodur,GROW
OpifexMorte,GROW
Anonomit,GROW
johnsmith10th,GROW
A_Toaster_Pastry,GROW
latenightterror,GROW
MXMLOQ,GROW
AudioDoge,GROW
KingGoddeth,GROW
intensebeet,GROW
The_Only_Zac,GROW
stephenb,GROW
witheld,GROW
un6952db,GROW
sprokolopolis,GROW
calaquin,GROW
PornStegosaurus,GROW
BillaryRodhamClinton,GROW
aguer0,GROW
Nixteen,GROW
serverfires,GROW
epicsheeper321,GROW
amkval,GROW
playwithstring,GROW
DrSoaryn,GROW
a-ael,GROW
dank_comebacks,GROW
stackableolive,GROW
tromboneham,GROW
MoistYeastRings,GROW
suscepimus,GROW
BeerMeAlready,GROW
Lancet,GROW
RushNY,GROW
UnclePaull,GROW
PierreLefrek,GROW
knobiknows,GROW
SodiumBenz,GROW
censored_username,GROW
miaDevoL,GROW
ImBadAtHalo,GROW
Tetracyclic,GROW
itsamemikeo,GROW
ydoowoody,GROW
TrumpsShortFingers,GROW
TheOddEyes,GROW
TheInsecureGoat,GROW
Virulous,GROW
Foxxy_fox,GROW
NickCageIsAWoman,GROW
StellarPando,GROW
Jahoby,GROW
DoctorMeh,GROW
ogremouse,GROW
CheesyBennington,GROW
ugly_jar,GROW
sillibird,GROW
Wizard_Of_Gwc,GROW
Jeantonf,GROW
hensandchicas,GROW
mattrox217,GROW
Spurnout,GROW
TheMentalist10,GROW
fluexis,GROW
epilith,GROW
hizOdge,GROW
RealPresidentObama,GROW
almu3alim,GROW
3xist3nc3,GROW
Zepherith,GROW
betazoidberg,GROW
kaelone1,GROW
generalnow,GROW
Atheron2,GROW
lazyklimm,GROW
PierceStJohn,GROW
anyoldnames,GROW
moonlitrose21,GROW
SirCarfell,GROW
Stegeman,GROW
moblu,GROW
tsu-na-ga-ru,GROW
BullDoor,GROW
misscalculates,GROW
buffalos,GROW
p07a70,GROW
jhgfx,GROW
TheClenchedRectum,GROW
Clarkintine,GROW
bubbity1990,GROW
BernieCar,GROW
CitrusDoctor,GROW
mharrizone,GROW
Babumts,GROW
AIO12,GROW
Didalectic,GROW
FreeTheAnimals,GROW
thenewsisalie,GROW
lovethebacon,GROW
m1327,GROW
raisesomehale,GROW
JarJarBlinked,GROW
calibrationed,GROW
crossower,GROW
radlibox,GROW
EliQuince,GROW
m4ke,GROW
lego-banana,GROW
imakeupwords,GROW
Kadmos,GROW
gisikw,GROW
Zenun,GROW
kilofox5,GROW
ThatGuyOnTelevision,GROW
Charmax,GROW
JohnMaddenNFL,GROW
hiRackz,GROW
Birchbike,GROW
dellC,GROW
pzumk,GROW
CWTyger,GROW
mrkronus,GROW
TRIVIA_GOD,GROW
jchen91,GROW
Cliffhanger-And-The_,GROW
googlin,GROW
TheRegory,GROW
Bebinn,GROW
Alek_12,GROW
oindividuo,GROW
AnimalTreasures,GROW
songhype12,GROW
FAPPY_ACCOUNT,GROW
anionaman,GROW
Sataris,GROW
masonbetz,GROW
ahbr,GROW
RobinAltDEF,GROW
nooneinhere,GROW
I_REMEMBER_ROBIN,GROW
phil_g,GROW
KernelSnuffy,GROW
Skelevader,GROW
curiosssity,GROW
rewrite,GROW
Harryofotter,GROW
lumineox,GROW
benwaffle,GROW
Batman2yoRobin,GROW
Guyuta,GROW
pedro_fartinez,GROW
YetAnotherAaron,GROW
makoto_phoenix,GROW
kurovaElizabeth,GROW
q00u,GROW
xskylebx,GROW
NutOfDeath,GROW
YearOfTheChipmunk,GROW
stfupcakes,GROW
NicInTime,GROW
BattleRushGaming,GROW
washichiisai,GROW
Minahoshi_Asuho,GROW
NeedSamoa,GROW
K4dmonV,GROW
FrankZappa174,GROW
magicpiss,GROW
bws88,GROW
hillbillypolenta,GROW
_EyYoTony_,GROW
CPH88,GROW
Thuggy-G,GROW
grapecoffee,GROW
ShortBusBully,GROW
TreyDHD,GROW
JohnModden,GROW
gjhgjh,GROW
Sgt_Barrel,GROW
skizfrenik_syco,GROW
yamamushi,GROW
Badehat,GROW
grencez,GROW
Parliament_of_Owls,GROW
DomesticRifle,GROW
hantedaiyo,GROW
TheDreadThief,GROW
Blatantly_Absurd,GROW
notthemindprobe,GROW
ieatyou1,GROW
Fulaxi,GROW
AesSedai101,GROW
GrowAlt_01,GROW
catjuggler,GROW
NaturalLogofOne,GROW
TimePastLate,GROW
mcaruso,GROW
Jeansybaby,GROW
jaquan123ism,GROW
Bliss266,GROW
Jay-Em,GROW
richardbjkelly,GROW
DarbyJustice,GROW
Retrokid,GROW
OrbJungle,GROW
monkeypunto,GROW
Adobz,GROW
iauoe,GROW
Arrem_,GROW
nicholaslaux,GROW
ejgrgunner,GROW
BobTheTomato9798,GROW
Muezza,GROW
NoteInABottle168,GROW
sigmaeni,GROW
mobuco,GROW
Infield_Fly,GROW
Silfax,GROW
YetAnotherRobinAlt,GROW
datadumper,GROW
jellomoose,GROW
Eonwe_of_Manwe,GROW
PM_ME_YOUR_FELICITY,GROW
VagueRequiem,GROW
TheMadStorksGhost,GROW
monguini,GROW
Happy_Hugo,GROW
T17Robinator,GROW
igoogleforaliving,GROW
Apple_Crumble_,GROW
Kapplar,GROW
passa91,GROW
---_-__,GROW
lostfanatic,GROW
Linkynet,GROW
IfJesusThrew,GROW
Hoedoor,GROW
germanyjr112,GROW
TorgTalks,GROW
VrCovers,GROW
TheVarmari,GROW
disgusted_quiche,GROW
mlittletn,GROW
thatfunkymunki,GROW
FifaFrancesco,GROW
arglebargleglopglyf,GROW
uRandomR,GROW
zadokmahir,GROW
Breve_Pup,GROW
netoholic,GROW
Sande24,GROW
yourpinball,GROW
ccsmd73,GROW
Pwnxor,GROW
alteredlikeness,GROW
enderanjin,GROW
reaper_13,GROW
dragonrider22,GROW
0x0056,GROW
sunr0ck,GROW
IrishBlizzard,GROW
quisling21,GROW
arocks124,GROW
bignuts24,GROW
MrRumfoord,GROW
haveagr8day,GROW
Floyddit,GROW
spoonXT,GROW
ROBIN_THE_GREAT,GROW
surebutwhy,GROW
The_Gooner,GROW
Akaz0ra,GROW
Yourk3Et,GROW
itsnotmoomin,GROW
Squae,GROW
BurnMadTrees,GROW
McPluffel,GROW
Mikeru94,GROW
tabarra,GROW
TehMooMoo,GROW
hey-zeus,GROW
I_Xertz_Tittynopes,GROW
jerk_me_off_sis,GROW
SirJelly,GROW
Merzbro,GROW
realdrpepper23,GROW
Mathemagicland,GROW
jmhalder,GROW
fuckswithducks,GROW
pxndxx,GROW
MeaKyori,GROW
SamuelLBronkowitz,GROW
Mantipath,GROW
phyphor,GROW
MyceliumBlue,GROW
lackofdoritos,GROW
HTKYAY,GROW
Pendleton_Werd,GROW
Eibi,GROW
RacistCoffee773,GROW
HandsOfCobalt,GROW
Toastedboats-,GROW
ImAKidImASquid,GROW
djm1999,GROW
lavixcanvas,GROW
backstroke619,GROW
pong123,GROW
nocley,GROW
cagetheimpala,GROW
dlr1909,GROW
arespawn,GROW
st3ve,GROW
ShareDVI,GROW
bdh2,GROW
ToomSan,GROW
gxbrenayup,GROW
NewtonsFLSword,GROW
INSERT_BARCODE_HERE,GROW
AutisticPanther,GROW
jopster,GROW
MimesAreShite,GROW
99999999999999999989,GROW
just_grow_robin,GROW
furia_se,GROW
puredisgust,GROW
Rofl_Waffler,GROW
spiderdadfusion,GROW
holophonor,GROW
MrDubberRucky,GROW
miklaen,GROW
babywrabbit,GROW
SnowCoffeeNut,GROW
matty3f,GROW
Takaian,GROW
fantastic_lee,GROW
schmuckle,GROW
HMBBabyface,GROW
kebav,GROW
redlukas,GROW
theryman,GROW
raheemopk,GROW
flomby,GROW
Countdown369,GROW
blackthunder101,GROW
DasKrow,GROW
8Bit_Architect,GROW
typogrammer,GROW
Stormon,GROW
jyjea,GROW
Zexoroni,GROW
ren5311,GROW
skabird,GROW
crawnit,GROW
HELP_im_not_original,GROW
germanch,GROW
sheerun,GROW
Juno_Malone,GROW
hero0fwar,GROW
avidday,GROW
RainoBoy97,GROW
soundfxLIFE,GROW
klubnick,GROW
bonosgirl,GROW
manface12,GROW
MrDent,GROW
Throwaway192321,GROW
llikeafoxx,GROW
FatherDerp,GROW
the_umm_guy,GROW
alylynn96,GROW
Th3vil1,GROW
Chrop,GROW
FeelsLike93,GROW
Icunary,GROW
ENT-en-MANns,GROW
idleman9,GROW
TheDemonHauntedWorld,GROW
bananasquid,GROW
KingOfZeDark,GROW
TehAlpacalypse,GROW
SithKyloRen,GROW
Bigbopper200,GROW
yaneighborhoodsargon,GROW
germansamurai16,GROW
Ro1t,GROW
JeremyQ,GROW
aysz88,GROW
Lucifer_on_steroids,GROW
tinichu,GROW
INukeAll,GROW
surelyucantbserious,GROW
Lymonator,GROW
Gennix1337,GROW
hederaleaf,GROW
camon,GROW
deek_neeples,GROW
nckb,GROW
Its_the_clap,GROW
mat_storm1,GROW
primemodel,GROW
Smcmax,GROW
thebomb4224,GROW
4west3,GROW
gutcrusherr,GROW
fumg,GROW
Chickenfrend,GROW
snakepaws,GROW
parkerlreed,GROW
aphrodite641,GROW
gr33nG3nt,GROW
BLiNKiN42,GROW
Boxxi,GROW
jake_songale,GROW
unexpectedconspiracy,GROW
grapox,GROW
Delgatin,GROW
snowly,GROW
hiswayout,GROW
parrotdude,GROW
Cync610,GROW
I_Litch_Swetters,GROW
HiddenMafia,GROW
giantrobotq,GROW
Culpritss,GROW
VXeonix,GROW
__cmp__,GROW
badcomposer,GROW
ror6y,GROW
Himekat,GROW
wrongggg,GROW
uffzuch,GROW
brianv115,GROW
VeriFunni,GROW
MathGeek31415,GROW
robdob,GROW
Upvote_Banana,GROW
Shoopdawoop9001,GROW
__thiscall,GROW
LongLostSanity,GROW
KNetwalker,GROW
PRAISE_NIGGERNIGGERS,GROW
billyliberty,GROW
KINGDOM_OF_TRIVIA,GROW
Budzy05,GROW
-NaBa-,GROW
neverkidding,GROW
PanaceaPlacebo,GROW
iaueo,GROW
krk_ka_baap,GROW
abd14,GROW
TheRedCow,GROW
LostMyAccount69,GROW
inhonoululu,GROW
ookamiash,GROW
Buck50taco,GROW
ipponiac,GROW
shadowde,GROW
LagAttack89,GROW
Spartan-Pie,GROW
mofosyne,GROW
fromthe718,GROW
omgidontcare,GROW
Master_Sparky,GROW
WALFRED_WANGUS,GROW
Sidari,GROW
kkoch1,GROW
yaahoe,GROW
blueledknob,GROW
narcissus_goldmund,GROW
dnkus9889,GROW
BandanaBunny,GROW
sophrosynos,GROW
fedorg,GROW
-TheLovinator-,GROW
Mesarune,GROW
ramma314,GROW
duhblow7,GROW
Lorithas,GROW
kyrieshandles,GROW
cprato,GROW
RobinRonin,GROW
SocketPhys,GROW
Willi_Wakker,GROW
Hexagone,GROW
LeapYearAccount2016,GROW
boomslang17,GROW
sissyfuktoy,GROW
sndrsk,GROW
Internal1,GROW
Wandering_Lemons,GROW
JustBeingDylan,GROW
ShadowScythe13,GROW
sableluke,GROW
enveratise,GROW
blue_ash,GROW
Emerica6708,GROW
simplymew,GROW
timo_the_pirate,GROW
TheSoftwareDev,GROW
purple_pan,GROW
pneysmneys,GROW
Ulysius,GROW
qwell,GROW
Jellyka,GROW
mesosa,GROW
Evil_Vin,GROW
lukf,GROW
JoeAbunga,GROW
TheMuffinMan616,GROW
SingingInThePain,GROW
Adzter,GROW
thepopcornator,GROW
Sinzah,GROW
Nexxpresso,GROW
onlyusemepickaxe,GROW
xterraadam,GROW
hockeytshirt,GROW
Mainariini,GROW
liamtoe,GROW
l3db3tt3r,GROW
ultralight__meme,GROW
x20mike07x,GROW
happyhippopotami,GROW
Zirenth,GROW
Nikez,GROW
Another_Joe_Wei,GROW
Delitra,GROW
letotwo,GROW
furlonium,GROW
awesomenessjared,GROW
omnigrok,GROW
HitNRun_,GROW
fezzikola,GROW
D23inc,GROW
Cianvw,GROW
Indeepness,GROW
TheAngryFatMan,GROW
HerpDerpMeow,GROW
lurcrobin2,GROW
kawiracer14,GROW
Metrospector,GROW
BobsYourAnt,GROW
FelineAstrophysicist,GROW
Root_Guy,GROW
farox,GROW
Nebual,GROW
ctare,GROW
Use_Claritin,GROW
gtmanfred,GROW
fibonuggie,GROW
relevant_porn_link_r,GROW
A_valid_one,GROW
S1lverEagle,GROW
SureThingBabe,GROW
CantGoogleMe,GROW
Tie_Died_Lip_Sync,GROW
Unkie_Fester,GROW
RobinAlt123,GROW
Londoniana,GROW
darklord0211,GROW
Krydos,GROW
TheGamingGallifreyan,GROW
enmariushansen,GROW
Red_Trainer,GROW
powerlan,GROW
Anticode,GROW
AlphaGoldFrog,GROW
Jimneh,GROW
robinAlt1,GROW
CaptainAnywho,GROW
butthead,GROW
Woceas,GROW
grapjasper,GROW
Stacia_Asuna,GROW
SasquatchEatsKittens,GROW
quasar32,GROW
JohhMadden,GROW
rubberducksinvade,GROW
pandaSmore,GROW
XX9,GROW
skyweb,GROW
alonsocsmn,GROW
toast333,GROW
sadalex77,GROW
Nyrivus,GROW
fakerachel,GROW
4ync,GROW
SkiyBloue,GROW
skootz,GROW
gundeck925,GROW
Am3692,GROW
StrugglingSquid,GROW
ICouldBeYourNemesis,GROW
Slightlynorth,GROW
GodRaine,GROW
Marco-1,GROW
kr0mka,GROW
Regimardyl,GROW
jarbased,GROW
tenoclockrobot,GROW
Dunts72,GROW
Da1King,GROW
ForeskinMittens,GROW
casey27,GROW
robinBot-v2,GROW
jahujames,GROW
90q,GROW
kathasaki,GROW
Scarytrousers,GROW
walking_cakes,GROW
Glaiel-Gamer,GROW
nameproblem,GROW
AbsolutelyCheese,GROW
homesnatch,GROW
Noorrsken,GROW
404NinjaNotFound,GROW
red__falcon,GROW
freebullets,GROW
Xylen434,GROW
keteymphorta,GROW
moist_hat,GROW
Bogdacutu,GROW
hiddeninapandasuit,GROW
jordz0178,GROW
_headspace,GROW
Pleth,GROW
RedManDancing,GROW
chillout777,GROW
WolfspiritXx,GROW
i_wonder_as_i_wander,GROW
noremac113,GROW
XenOutlook,GROW
FakeKitten,GROW
Qalypso,GROW
tephwn,GROW
meow234567,GROW
MetternichMarck,GROW
KirbyH,GROW
snuf09,GROW
dancetilsunday,GROW
Waytofind,GROW
ajehals,GROW
velveteer,GROW
dreamweavur,GROW
schmooblidon,GROW
Yangumasuta,GROW
Kal-3L,GROW
LIB_SPENDING_MACHINE,GROW
ownage516,GROW
Lumivian,GROW
1_10_100,GROW
mko237,GROW
Yell_owish,GROW
dododoob,GROW
BunkeredFaun,GROW
WarBlunder,GROW
inkydye,GROW
icedbeer,GROW
Knowakennedy,GROW
yzgncx,GROW
ASexyPseudonym,GROW
Pwaaap,GROW
bobjrsenior,GROW
LqcO9sPZ3NNXuoJ,GROW
bedofgoatturds,GROW
DoodleYankee,GROW
Matth01,GROW
ftgbhs,GROW
PitchforkEmporium,GROW
sandmac,GROW
StrayEagle,GROW
RobinAlt,GROW
rndmwhitekid,GROW
NonNisiTe,GROW
dingus_twart,GROW
darklordbean,GROW
r0b0v,GROW
zxi,GROW
Ryvoance,GROW
Smarteepant,GROW
TheGentleman13,GROW
minispoon,GROW
Dinosour,GROW
pomosexuality,GROW
KiloG,GROW
Stelzig,GROW
jusfuccin10,GROW
baseball44121,GROW
paranoideo,GROW
throwaway425646,GROW
Butt_Holmes,GROW
TobiasFunke-MD,GROW
dutchy131,GROW
thrwwhr,GROW
mnkygrl,GROW
randomiser111,GROW
MapleSugary,GROW
Robot_Girlfriend,GROW
I_Am_Shooby_Taylor,GROW
shoebear,GROW
TheEndermanMan,GROW
Atlante45,GROW
indianapale,GROW
Anonymous2869,GROW
Kc2000,GROW
postsdesert,GROW
tier17robin,GROW
f128481212,GROW
Xraygoggles,GROW
-P__,GROW
Noxiide,GROW
JaseDakota,GROW
shh_coffee,GROW
costanza-dot-jpg,GROW
Sageth,GROW
Anonymous9002,GROW
Hug_The_NSA,GROW
itisnotmyusername,GROW
Teloria,GROW
dghelprat,GROW
FrozenArtist,GROW
theantipode,GROW
zani1903,GROW
OswaldZeid,GROW
Corfal,GROW
shthed,GROW
J4CKR4BB1TSL1MS,GROW
Raishuu,GROW
TabLoidJunkyzz,GROW
cweed14,GROW
Flobernogets,GROW
RedRobin-1,GROW
Kronorn,GROW
RidetheWaveto17,GROW
tarthim,GROW
Sco7689,GROW
sypo26,GROW
Arconn,GROW
Brraaap,GROW
spih,GROW
Killdynamite,GROW
ICanHazSkillz,GROW
eighthmoon,GROW
cwfloyd,GROW
Lezardo,GROW
blanksuspect,GROW
ikirudennis,GROW
Flynatol,GROW
Sincerus,GROW
nonfish,GROW
AznCQ,GROW
Octro,GROW
workinggirl28,GROW
jlick412,GROW
JustBiz,GROW
thoughtdrinker,GROW
j4legra,GROW
Skylorn,GROW
PixelManagement,GROW
bphilly_cheesesteak,GROW
vincxento,GROW
18188,GROW
Fuck_it_go_for_T17,GROW
clopnaz,GROW
addthrow4way,GROW
spyhermitwork,GROW
SkullduggeryUK,GROW
musicman0326,GROW
kieran6383,GROW
charliehumble,GROW
zg44,GROW
IIRC,GROW
Nex_Ultor,GROW
striderxgp,GROW
megawarpig,GROW
dthunder,GROW
Fox--Kit,GROW
ihunter32,GROW
SpatulaCat,GROW
speyes,GROW
paigesucks,GROW
mikeyshupe,GROW
k-pilgrim,GROW
Cpottzy,GROW
Jones_Is_Bad_Ass,GROW
theOh3,GROW
theSurgeonOfDeath,GROW
dobradusatvoja,GROW
dimfan,GROW
DadoMcT,GROW
Khemikooligan,GROW
Jack_of_All_Pc,GROW
SirCabbage,GROW
ricree,GROW
John_Madden_2016,GROW
strousoup,GROW
SalZoRz,GROW
PaulBGD,GROW
turcois,GROW
abraxo,GROW
Orochikaku,GROW
maxbud06,GROW
Pato25,GROW
Jelman21,GROW
NobbyNobbs,GROW
LethalT,GROW
pivotraze,GROW
kilerje,GROW
whatcausespolitics,GROW
Boatyboy,GROW
RocknRollGlue,GROW
ThreeCactiAndACat,GROW
brak_obama,GROW
hugepwner,GROW
SmokehTheBear,GROW
mrcheese123,GROW
Vithar,GROW
IAMBECOMECAT,GROW
inventionsloth,GROW
VicareyG,GROW
nolo_me,GROW
seelen,GROW
AlternativelyPostTo,GROW
mcduder1,GROW
Too_MuchWhiskey,GROW
protoctista,GROW
gid0ze,GROW
ThrowawayL1906,GROW
Ephialtes42,GROW
krewetka,GROW
anonymoose654321,GROW
AscendantAwesome,GROW
ImMilesAhead,GROW
TiatYoung,GROW
KWilt,GROW
aggyaggyaggy,GROW
IceDusk,GROW
isaiah33,GROW
weareonlystardust,GROW
thedogcow,GROW
deaderik,GROW
BlueBlond,GROW
BurritoBun,GROW
MothershipV,GROW
Chr12t0pher,GROW
Just00in,GROW
cineafx,GROW
OhSchnapy,GROW
Daskichan,GROW
limbicslush,GROW
Gunuku,GROW
cheakios512,GROW
throwaway_the_fourth,GROW
lycan_nick,GROW
Mylon,GROW
Kraent,GROW
magicalSITAR,GROW
bales75,GROW
jiggydude,GROW
Demophoon,GROW
KonservativeTruthahn,GROW
sleepyams,GROW
themadplatypus,GROW
etgohomeok,GROW
Flipperbw,GROW
hannahbananaa,GROW
CheesyWeiner,GROW
cianomahony,GROW
bitchycunt3,GROW
greenlight227,GROW
Rukus543,GROW
roxasthebest,GROW
tincan201,GROW
Hjax,GROW
giant_rat,GROW
westShaft,GROW
shitstop,GROW
RobinIdle,GROW
CBBXD,GROW
nobile,GROW
cdr3000,GROW
tbsports2,GROW
TheUniversalHat,GROW
ProjectShamrock,GROW
yolios_c,GROW
frdmn,GROW
ShanRoxAlot,GROW
W7SP3,GROW
10_9_,GROW
ro0ke,GROW
Osiride,GROW
kennytm,GROW
amanforallsaisons,GROW
blackmagemasta,GROW
M4jorpain,GROW
kasukali,GROW
earlierson,GROW
Foehton,GROW
Tramunzenegger,GROW
Sunneh,GROW
totesjobin,GROW
oaieu,GROW
GrixM,GROW
Apottzy,GROW
thinks_he_is_witty,GROW
stevothepedo,GROW
theBelvidere,GROW
jon_with_no_h,GROW
thePrimeAntagonist,GROW
hyperhopper,GROW
UNIScienceGuy,GROW
domsstern,GROW
mchto,GROW
Sabrejack,GROW
truxs,GROW
ldnont_stoner,GROW
anticrash,GROW
This_one_is_for_T17,GROW
Earlaway,GROW
natsunatsu,GROW
Flewtea,GROW
Jazzykin,GROW
pusgums,GROW
lurkian,GROW
Zondraxor,GROW
unnecessarygif,GROW
Zerotwistknife7,GROW
druncle2,GROW
cyberpunkRanaissance,GROW
TqpU,GROW
awwyas,GROW
ThatOtherBatman,GROW
towelover,GROW
Tokyo__Drifter,GROW
fliptrik,GROW
lawpotato,GROW
itkt,GROW
awfullotofocelots,GROW
FSDLAXATL,GROW
Zeffirelli,GROW
kic27,GROW
w3nglish,GROW
SnorkleDork,GROW
freedom_fred,GROW
LoveForTheMusic,GROW
ij900,GROW
TheRealBWitz,GROW
ab2525,GROW
CultApothecary,GROW
Sarcasse,GROW
alleybetwixt,GROW
neaterer,GROW
oTHEWHITERABBIT,GROW
Cpete,GROW
james_burrows,GROW
disclosed,GROW
miker2049,GROW
Aya_Unknown,GROW
tbradraw,GROW
page_not_found,GROW
DO_IT_FOR_THE_ROBIN3,GROW
MrLovens,GROW
cdingo,GROW
Elektr0ns,GROW
MormonDew,GROW
Xorlev,GROW
VW0WV,GROW
roflvopter,GROW
kingrazy,GROW
Aissurtievos,GROW
traf12,GROW
fraxinusv,GROW
Empyrealist,GROW
isee_scott,GROW
PadawanJuriste,GROW
Run_Biden,GROW
Round_halo,GROW
qlube,GROW
Timedruid,GROW
FoldingSpace,GROW
Grega216,GROW
Maxdarkfire,GROW
Hawkwings77,GROW
-d1b-,GROW
Lyrkan,GROW
vontar,GROW
ludocode,GROW
Nunganunga,GROW
tempiracy,GROW
Xantosuex,GROW
ld_livid,GROW
Retarded__Penguin,GROW
blue_flycatcher,GROW
jazzelhawk,GROW
Fred_Fred,GROW
PM_STEAM_KEYS_TO_ME,GROW
rokane21,GROW
bigbadler,GROW
gynter,GROW
TheAngryAlt,GROW
PlasmaRoar,GROW
myotherbotisdeepmi,GROW
AetherealVanguard,GROW
Simplerdayz,GROW
ripkif318,GROW
alibabzo,GROW
Mousemoose10,GROW
ikeepdeletingmyacct,GROW
urbancompound,GROW
DannyStanton,GROW
Lord_Bawb,GROW
MPuddin,GROW
Ikalpo,GROW
__Dionysus,GROW
GemsChen,GROW
Dragonstrike,GROW
harrienstyling,GROW
tempuser,GROW
raimosa,GROW
Slokinx,GROW
heauxmeaux,GROW
internet-is-a-lie,GROW
DerpDargon,GROW
JusticePao,GROW
buzzkrill,GROW
DomesticPotato_,GROW
Elemental-P,GROW
eonx2,GROW
DTFuture,GROW
Jay_T_Doggzone,GROW
RagingOrangutan,GROW
haley_joel_osteen,GROW
raimondious,GROW
Gruzlath,GROW
LardBawb,GROW
JoelMontgomery,GROW
praisethefloyd,GROW
whicketywack,GROW
growmosexual,GROW
i_luv_phillip,GROW
ReddSeventh,GROW
16Beast,GROW
MsBluffy,GROW
jabertsohn,GROW
IndigoASMR,GROW
Daegalus,GROW
ofpeaceandmagic,GROW
npinsker,GROW
sonsol,GROW
L1Z1X,GROW
molokai,GROW
ceruleanknight,GROW
ImZelkova,GROW
nugget_cat_legs,GROW
renuf,GROW
iplanckperiodically,GROW
Vickor,GROW
R-EDDIT,GROW
atodat,GROW
Frogalicious,GROW
strobonic,GROW
RabbityThing,GROW
warmarrer,GROW
Targulon,GROW
thStOP-Mithgo,GROW
K1ngN0thing,GROW
Kalamari1,GROW
stopeatingfatass,GROW
zomzolem,GROW
TheDoctorOfBeach,GROW
draggehn,GROW
OminousPattern,GROW
directionalpad,GROW
Leemaster,GROW
anotherusername23,GROW
Reddits_Worst_Night,GROW
jennaflores,GROW
PENGUINSflyGOOD,GROW
boomerangotan,GROW
Towwl,GROW
gw8t3st,GROW
MrSemiFunny,GROW
vet_to_fed,GROW
Dyybe,GROW
WarioKart,GROW
iwantabutterflyknife,GROW
sanalalemci,GROW
CandyCustard,GROW
iEzhik,GROW
1_10_100_1000,GROW
Boerontosaurus,GROW
xpg,GROW
theouterbanks,GROW
SavageRedditive,GROW
Spacetchi,GROW
random_canadian,GROW
xormx,GROW
plumza,GROW
maybeAKitten,GROW
TheGaboot,GROW
shumph,GROW
thousandfaced,GROW
person7178,GROW
ricin,GROW
no_use_for_a_name_,GROW
6f7262,GROW
Lord_Retro,GROW
good_caturday,GROW
Fleur-de-Oriflamme,GROW
lainis,GROW
fomsey,GROW
effyouinthea,GROW
Chrysanthea,GROW
BOOBMAHBIZKIT,GROW
spiffitz,GROW
SpiritNFlesh,GROW
autogeass,GROW
reddug,GROW
MachMatic,GROW
river58,GROW
DPRKSecretPolice,GROW
The_Vagina,GROW
papatank,GROW
sexualrhinoceros,GROW
irate314rate,GROW
bonfire10,GROW
PunyCheese,GROW
KarmasAHarshMistress,GROW
dbukanon,GROW
General_Revan,GROW
RobbieHodge,GROW
Yharnamologist,GROW
djcraze,GROW
hyperOX,GROW
abobu,GROW
meltir,GROW
Supermann13,GROW
idleman3,GROW
LucaDiMontezemolo,GROW
tedivm,GROW
theNYEHHH,GROW
Mostofyouareidiots,GROW
RatchetChavez,GROW
law5er,GROW
ScarletSpeedster,GROW
fforde,GROW
jmixdorf,GROW
CryptokidFH,GROW
T2xS,GROW
exponant,GROW
mturi,GROW
zombiegrl,GROW
Ciechom,GROW
Thecrazything,GROW
evgeniuz,GROW
Jeroen52,GROW
pyropocalypse,GROW
alisonvunderland,GROW
Nyro,GROW
chrissycat909,GROW
pleasecheckit,GROW
pancakeprince,GROW
Shovlo,GROW
isdnpro,GROW
qadm,GROW
intawsomenary,GROW
ontera,GROW
BoyAmIMoist,GROW
superbahbi,GROW
alt_344,GROW
omgwtfiswrongwithyou,GROW
altlyboy3,GROW
gonewildbirdie,GROW
sketchii,GROW
Cannonfyre,GROW
Kirinyx,GROW
Jose_Padillez,GROW
OverlordOfTech,GROW
el_LOU,GROW
lolozauru,GROW
lajiggyjarjardoo,GROW
superraiden,GROW
Johnofthewest,GROW
dzt,GROW
domyanite,GROW
zzevannn,GROW
jimothyjim,GROW
fakerchaos,GROW
JeanLucPicorg,GROW
canwhatyoudo,GROW
philosofear,GROW
mostlyjessica,GROW
callmebv,GROW
Albino_Jackets,GROW
Hadeshorne,GROW
starcrossedx,GROW
sadsturbator,GROW
notwithit2,GROW
pa79,GROW
Oicurts,GROW
adtr223,GROW
therealharrisguy,GROW
Dudeh93,GROW
KazMcDemon,GROW
CptSalsa,GROW
Templar3lf,GROW
ZormLeahcim,GROW
dkozinn,GROW
tr_bq,GROW
XYrZbest,GROW
endande,GROW
j505050,GROW
n4pstr,GROW
cthul_dude,GROW
Auquilius,GROW
UpholsteryLord,GROW
aaronr93,GROW
NEVER_CLEANED_COMP,GROW
artemisbot,GROW
GlaDOS_Aperture,GROW
erinhasguts,GROW
CaptainPatent,GROW
Strio13,GROW
captinslog,GROW
mfcneri,GROW
lupokoyuna,GROW
aleon_8,GROW
sceeder,GROW
amadeuswarframe,GROW
RoarMeister,GROW
_mp127,GROW
TheBear88,GROW
Not_Me_I_Said,GROW
BryantZuki,GROW
Swqnky,GROW
dr_oca,GROW
Spare_account1,GROW
SidDefinition,GROW
DeathByHugz,GROW
RedRobin-2,GROW
foxyfoxyrunrun,GROW
lolwut1337,GROW
CorruptedFiles,GROW
LittleJono,GROW
missworldx,GROW
fuckboithrowaway,GROW
ThisIsNuggets,GROW
Koraine,GROW
KStreetFighter2,GROW
hngg,GROW
thatonelurker,GROW
epicbanhammer,GROW
Sixsome,GROW
RealQuickPoint,GROW
PoorlyDrawnPhallus,GROW
xkeemy,GROW
DogDaYort,GROW
candylifter,GROW
williamsam1,GROW
Gman1012,GROW
xPurplepatchx,GROW
Gygun,GROW
RobinAlt314,GROW
vultprotocol,GROW
Judges_Your_Post,GROW
VerkooptEenCamera,GROW
pressymcpress,GROW
GazerOfStars,GROW
Th3_Mr_Quagmir3,GROW
Gnauga-,GROW
mattman42,GROW
oyuncu13,GROW
Zzyzx3,GROW
SaturdaysKids,GROW
iowegian4,GROW
cmiz87,GROW
msveedubbin,GROW
tigerLRG245,GROW
kirelagin,GROW
KingFlippynips,GROW
OldManBrink,GROW
ivzxo,GROW
RyanSkidmore,GROW
hipsterslap,GROW
saltcake,GROW
The_Lone_Warrior,GROW
Tigaz,GROW
moarmare,GROW
WeirdDud,GROW
jonkenator,GROW
bubbasaurus,GROW
RAWRMaD,GROW
writeyourownsong,GROW
crywook,GROW
Salted_Fried_Eggs,GROW
CordedForks,GROW
hendusoone,GROW
SeleneVomerSV,GROW
theyre_all_dead_Dave,GROW
robinseeder,GROW
ninjafiveo5,GROW
YouAreAHugeIdiot,GROW
lightbrunch,GROW
calciumcitrate,GROW
merelyadoptedthedark,GROW
yuri53122,GROW
FlyingBeatles,GROW
AllTheWayTo17,GROW
GiantFlightlessBird,GROW
CommunistNiglet,GROW
antihexe,GROW
Durshka,GROW
too_toked,GROW
tetsuo316,GROW
Kimmeh2010,GROW
Bockage,GROW
Deflect57,GROW
swinginfriar,GROW
